AABBCCDDEEFFGG,0.89999911
AABBCCDDEEFFGg,0.89999911
AABBCCDDEEFFgg,0.89999911
AABBCCDDEEFfGG,0.89999911
AABBCCDDEEFfGg,0.89999911
AABBCCDDEEFfgg,0.89999911
AABBCCDDEEffGG,0.89999911
AABBCCDDEEffGg,0.89999911
AABBCCDDEEffgg,0.89999911
AABBCCDDEeFFGG,0.89999911
AABBCCDDEeFFGg,0.89999911
AABBCCDDEeFFgg,0.89999911
AABBCCDDEeFfGG,0.89999911
AABBCCDDEeFfGg,0.89999911
AABBCCDDEeFfgg,0.89999911
AABBCCDDEeffGG,0.89999911
AABBCCDDEeffGg,0.89999911
AABBCCDDEeffgg,0.89999911
AABBCCDDeeFFGG,0.89999911
AABBCCDDeeFFGg,0.89999911
AABBCCDDeeFFgg,0.89999911
AABBCCDDeeFfGG,0.89999911
AABBCCDDeeFfGg,0.89999911
AABBCCDDeeFfgg,0.89999911
AABBCCDDeeffGG,0.89999911
AABBCCDDeeffGg,0.89999911
AABBCCDDeeffgg,0.89999911
AABBCCDdEEFFGG,0.89999911
AABBCCDdEEFFGg,0.89999911
AABBCCDdEEFFgg,0.89999911
AABBCCDdEEFfGG,0.89999911
AABBCCDdEEFfGg,0.89999911
AABBCCDdEEFfgg,0.89999911
AABBCCDdEEffGG,0.89999911
AABBCCDdEEffGg,0.89999911
AABBCCDdEEffgg,0.89999911
AABBCCDdEeFFGG,0.89999911
AABBCCDdEeFFGg,0.89999911
AABBCCDdEeFFgg,0.89999911
AABBCCDdEeFfGG,0.89999911
AABBCCDdEeFfGg,0.89999911
AABBCCDdEeFfgg,0.89999911
AABBCCDdEeffGG,0.89999911
AABBCCDdEeffGg,0.89999911
AABBCCDdEeffgg,0.89999911
AABBCCDdeeFFGG,0.89999911
AABBCCDdeeFFGg,0.89999911
AABBCCDdeeFFgg,0.89999911
AABBCCDdeeFfGG,0.89999911
AABBCCDdeeFfGg,0.89999911
AABBCCDdeeFfgg,0.89999911
AABBCCDdeeffGG,0.89999911
AABBCCDdeeffGg,0.89999911
AABBCCDdeeffgg,0.89999911
AABBCCddEEFFGG,0.89999911
AABBCCddEEFFGg,0.89999911
AABBCCddEEFFgg,0.89999911
AABBCCddEEFfGG,0.89999911
AABBCCddEEFfGg,0.89999911
AABBCCddEEFfgg,0.89999911
AABBCCddEEffGG,0.89999911
AABBCCddEEffGg,0.89999911
AABBCCddEEffgg,0.89999911
AABBCCddEeFFGG,0.89999911
AABBCCddEeFFGg,0.89999911
AABBCCddEeFFgg,0.89999911
AABBCCddEeFfGG,0.89999911
AABBCCddEeFfGg,0.89999911
AABBCCddEeFfgg,0.89999911
AABBCCddEeffGG,0.89999911
AABBCCddEeffGg,0.89999911
AABBCCddEeffgg,0.89999911
AABBCCddeeFFGG,0.89999911
AABBCCddeeFFGg,0.89999911
AABBCCddeeFFgg,0.89999911
AABBCCddeeFfGG,0.89999911
AABBCCddeeFfGg,0.89999911
AABBCCddeeFfgg,0.89999911
AABBCCddeeffGG,0.89999911
AABBCCddeeffGg,0.89999911
AABBCCddeeffgg,0.89999911
AABBCcDDEEFFGG,0.89999911
AABBCcDDEEFFGg,0.89999911
AABBCcDDEEFFgg,0.89999911
AABBCcDDEEFfGG,0.89999911
AABBCcDDEEFfGg,0.89999911
AABBCcDDEEFfgg,0.89999911
AABBCcDDEEffGG,0.89999911
AABBCcDDEEffGg,0.89999911
AABBCcDDEEffgg,0.89999911
AABBCcDDEeFFGG,0.89999911
AABBCcDDEeFFGg,0.89999911
AABBCcDDEeFFgg,0.89999911
AABBCcDDEeFfGG,0.89999911
AABBCcDDEeFfGg,0.89999911
AABBCcDDEeFfgg,0.89999911
AABBCcDDEeffGG,0.89999911
AABBCcDDEeffGg,0.89999911
AABBCcDDEeffgg,0.89999911
AABBCcDDeeFFGG,0.89999911
AABBCcDDeeFFGg,0.89999911
AABBCcDDeeFFgg,0.89999911
AABBCcDDeeFfGG,0.89999911
AABBCcDDeeFfGg,0.89999911
AABBCcDDeeFfgg,0.89999911
AABBCcDDeeffGG,0.89999911
AABBCcDDeeffGg,0.89999911
AABBCcDDeeffgg,0.89999911
AABBCcDdEEFFGG,0.89999911
AABBCcDdEEFFGg,0.89999911
AABBCcDdEEFFgg,0.89999911
AABBCcDdEEFfGG,0.89999911
AABBCcDdEEFfGg,0.89999911
AABBCcDdEEFfgg,0.89999911
AABBCcDdEEffGG,0.89999911
AABBCcDdEEffGg,0.89999911
AABBCcDdEEffgg,0.89999911
AABBCcDdEeFFGG,0.89999911
AABBCcDdEeFFGg,0.89999911
AABBCcDdEeFFgg,0.89999911
AABBCcDdEeFfGG,0.89999911
AABBCcDdEeFfGg,0.89999911
AABBCcDdEeFfgg,0.89999911
AABBCcDdEeffGG,0.89999911
AABBCcDdEeffGg,0.89999911
AABBCcDdEeffgg,0.89999911
AABBCcDdeeFFGG,0.89999911
AABBCcDdeeFFGg,0.89999911
AABBCcDdeeFFgg,0.89999911
AABBCcDdeeFfGG,0.89999911
AABBCcDdeeFfGg,0.89999911
AABBCcDdeeFfgg,0.89999911
AABBCcDdeeffGG,0.89999911
AABBCcDdeeffGg,0.89999911
AABBCcDdeeffgg,0.89999911
AABBCcddEEFFGG,0.89999911
AABBCcddEEFFGg,0.89999911
AABBCcddEEFFgg,0.89999911
AABBCcddEEFfGG,0.89999911
AABBCcddEEFfGg,0.89999911
AABBCcddEEFfgg,0.89999911
AABBCcddEEffGG,0.89999911
AABBCcddEEffGg,0.89999911
AABBCcddEEffgg,0.89999911
AABBCcddEeFFGG,0.89999911
AABBCcddEeFFGg,0.89999911
AABBCcddEeFFgg,0.89999911
AABBCcddEeFfGG,0.89999911
AABBCcddEeFfGg,0.89999911
AABBCcddEeFfgg,0.89999911
AABBCcddEeffGG,0.89999911
AABBCcddEeffGg,0.89999911
AABBCcddEeffgg,0.89999911
AABBCcddeeFFGG,0.89999911
AABBCcddeeFFGg,0.89999911
AABBCcddeeFFgg,0.89999911
AABBCcddeeFfGG,0.89999911
AABBCcddeeFfGg,0.89999911
AABBCcddeeFfgg,0.89999911
AABBCcddeeffGG,0.89999911
AABBCcddeeffGg,0.89999911
AABBCcddeeffgg,0.89999911
AABBccDDEEFFGG,0.89999911
AABBccDDEEFFGg,0.89999911
AABBccDDEEFFgg,0.89999911
AABBccDDEEFfGG,0.89999911
AABBccDDEEFfGg,0.89999911
AABBccDDEEFfgg,0.89999911
AABBccDDEEffGG,0.89999911
AABBccDDEEffGg,0.89999911
AABBccDDEEffgg,0.89999911
AABBccDDEeFFGG,0.89999911
AABBccDDEeFFGg,0.89999911
AABBccDDEeFFgg,0.89999911
AABBccDDEeFfGG,0.89999911
AABBccDDEeFfGg,0.89999911
AABBccDDEeFfgg,0.89999911
AABBccDDEeffGG,0.89999911
AABBccDDEeffGg,0.89999911
AABBccDDEeffgg,0.89999911
AABBccDDeeFFGG,0.89999911
AABBccDDeeFFGg,0.89999911
AABBccDDeeFFgg,0.89999911
AABBccDDeeFfGG,0.89999911
AABBccDDeeFfGg,0.89999911
AABBccDDeeFfgg,0.89999911
AABBccDDeeffGG,0.89999911
AABBccDDeeffGg,0.89999911
AABBccDDeeffgg,0.89999911
AABBccDdEEFFGG,0.89999911
AABBccDdEEFFGg,0.89999911
AABBccDdEEFFgg,0.89999911
AABBccDdEEFfGG,0.89999911
AABBccDdEEFfGg,0.89999911
AABBccDdEEFfgg,0.89999911
AABBccDdEEffGG,0.89999911
AABBccDdEEffGg,0.89999911
AABBccDdEEffgg,0.89999911
AABBccDdEeFFGG,0.89999911
AABBccDdEeFFGg,0.89999911
AABBccDdEeFFgg,0.89999911
AABBccDdEeFfGG,0.89999911
AABBccDdEeFfGg,0.89999911
AABBccDdEeFfgg,0.89999911
AABBccDdEeffGG,0.89999911
AABBccDdEeffGg,0.89999911
AABBccDdEeffgg,0.89999911
AABBccDdeeFFGG,0.89999911
AABBccDdeeFFGg,0.89999911
AABBccDdeeFFgg,0.89999911
AABBccDdeeFfGG,0.89999911
AABBccDdeeFfGg,0.89999911
AABBccDdeeFfgg,0.89999911
AABBccDdeeffGG,0.89999911
AABBccDdeeffGg,0.89999911
AABBccDdeeffgg,0.89999911
AABBccddEEFFGG,0.89999911
AABBccddEEFFGg,0.89999911
AABBccddEEFFgg,0.89999911
AABBccddEEFfGG,0.89999911
AABBccddEEFfGg,0.89999911
AABBccddEEFfgg,0.89999911
AABBccddEEffGG,0.89999911
AABBccddEEffGg,0.89999911
AABBccddEEffgg,0.89999911
AABBccddEeFFGG,0.89999911
AABBccddEeFFGg,0.89999911
AABBccddEeFFgg,0.89999911
AABBccddEeFfGG,0.89999911
AABBccddEeFfGg,0.89999911
AABBccddEeFfgg,0.89999911
AABBccddEeffGG,0.89999911
AABBccddEeffGg,0.89999911
AABBccddEeffgg,0.89999911
AABBccddeeFFGG,0.89999911
AABBccddeeFFGg,0.89999911
AABBccddeeFFgg,0.89999911
AABBccddeeFfGG,0.89999911
AABBccddeeFfGg,0.89999911
AABBccddeeFfgg,0.89999911
AABBccddeeffGG,0.89999911
AABBccddeeffGg,0.89999911
AABBccddeeffgg,0.89999911
AABbCCDDEEFFGG,0.89999911
AABbCCDDEEFFGg,0.89999911
AABbCCDDEEFFgg,0.89999911
AABbCCDDEEFfGG,0.89999911
AABbCCDDEEFfGg,0.89999911
AABbCCDDEEFfgg,0.89999911
AABbCCDDEEffGG,0.89999911
AABbCCDDEEffGg,0.89999911
AABbCCDDEEffgg,0.89999911
AABbCCDDEeFFGG,0.89999911
AABbCCDDEeFFGg,0.89999911
AABbCCDDEeFFgg,0.89999911
AABbCCDDEeFfGG,0.89999911
AABbCCDDEeFfGg,0.89999911
AABbCCDDEeFfgg,0.89999911
AABbCCDDEeffGG,0.89999911
AABbCCDDEeffGg,0.89999911
AABbCCDDEeffgg,0.89999911
AABbCCDDeeFFGG,0.89999911
AABbCCDDeeFFGg,0.89999911
AABbCCDDeeFFgg,0.89999911
AABbCCDDeeFfGG,0.89999911
AABbCCDDeeFfGg,0.89999911
AABbCCDDeeFfgg,0.89999911
AABbCCDDeeffGG,0.89999911
AABbCCDDeeffGg,0.89999911
AABbCCDDeeffgg,0.89999911
AABbCCDdEEFFGG,0.89999911
AABbCCDdEEFFGg,0.89999911
AABbCCDdEEFFgg,0.89999911
AABbCCDdEEFfGG,0.89999911
AABbCCDdEEFfGg,0.89999911
AABbCCDdEEFfgg,0.89999911
AABbCCDdEEffGG,0.89999911
AABbCCDdEEffGg,0.89999911
AABbCCDdEEffgg,0.89999911
AABbCCDdEeFFGG,0.89999911
AABbCCDdEeFFGg,0.89999911
AABbCCDdEeFFgg,0.89999911
AABbCCDdEeFfGG,0.89999911
AABbCCDdEeFfGg,0.89999911
AABbCCDdEeFfgg,0.89999911
AABbCCDdEeffGG,0.89999911
AABbCCDdEeffGg,0.89999911
AABbCCDdEeffgg,0.89999911
AABbCCDdeeFFGG,0.89999911
AABbCCDdeeFFGg,0.89999911
AABbCCDdeeFFgg,0.89999911
AABbCCDdeeFfGG,0.89999911
AABbCCDdeeFfGg,0.89999911
AABbCCDdeeFfgg,0.89999911
AABbCCDdeeffGG,0.89999911
AABbCCDdeeffGg,0.89999911
AABbCCDdeeffgg,0.89999911
AABbCCddEEFFGG,0.89999911
AABbCCddEEFFGg,0.89999911
AABbCCddEEFFgg,0.89999911
AABbCCddEEFfGG,0.89999911
AABbCCddEEFfGg,0.89999911
AABbCCddEEFfgg,0.89999911
AABbCCddEEffGG,0.89999911
AABbCCddEEffGg,0.89999911
AABbCCddEEffgg,0.89999911
AABbCCddEeFFGG,0.89999911
AABbCCddEeFFGg,0.89999911
AABbCCddEeFFgg,0.89999911
AABbCCddEeFfGG,0.89999911
AABbCCddEeFfGg,0.89999911
AABbCCddEeFfgg,0.89999911
AABbCCddEeffGG,0.89999911
AABbCCddEeffGg,0.89999911
AABbCCddEeffgg,0.89999911
AABbCCddeeFFGG,0.89999911
AABbCCddeeFFGg,0.89999911
AABbCCddeeFFgg,0.89999911
AABbCCddeeFfGG,0.89999911
AABbCCddeeFfGg,0.89999911
AABbCCddeeFfgg,0.89999911
AABbCCddeeffGG,0.89999911
AABbCCddeeffGg,0.89999911
AABbCCddeeffgg,0.89999911
AABbCcDDEEFFGG,0.89999911
AABbCcDDEEFFGg,0.89999911
AABbCcDDEEFFgg,0.89999911
AABbCcDDEEFfGG,0.89999911
AABbCcDDEEFfGg,0.89999911
AABbCcDDEEFfgg,0.89999911
AABbCcDDEEffGG,0.89999911
AABbCcDDEEffGg,0.89999911
AABbCcDDEEffgg,0.89999911
AABbCcDDEeFFGG,0.89999911
AABbCcDDEeFFGg,0.89999911
AABbCcDDEeFFgg,0.89999911
AABbCcDDEeFfGG,0.89999911
AABbCcDDEeFfGg,0.89999911
AABbCcDDEeFfgg,0.89999911
AABbCcDDEeffGG,0.89999911
AABbCcDDEeffGg,0.89999911
AABbCcDDEeffgg,0.89999911
AABbCcDDeeFFGG,0.89999911
AABbCcDDeeFFGg,0.89999911
AABbCcDDeeFFgg,0.89999911
AABbCcDDeeFfGG,0.89999911
AABbCcDDeeFfGg,0.89999911
AABbCcDDeeFfgg,0.89999911
AABbCcDDeeffGG,0.89999911
AABbCcDDeeffGg,0.89999911
AABbCcDDeeffgg,0.89999911
AABbCcDdEEFFGG,0.89999911
AABbCcDdEEFFGg,0.89999911
AABbCcDdEEFFgg,0.89999911
AABbCcDdEEFfGG,0.89999911
AABbCcDdEEFfGg,0.89999911
AABbCcDdEEFfgg,0.89999911
AABbCcDdEEffGG,0.89999911
AABbCcDdEEffGg,0.89999911
AABbCcDdEEffgg,0.89999911
AABbCcDdEeFFGG,0.89999911
AABbCcDdEeFFGg,0.89999911
AABbCcDdEeFFgg,0.89999911
AABbCcDdEeFfGG,0.89999911
AABbCcDdEeFfGg,0.89999911
AABbCcDdEeFfgg,0.89999911
AABbCcDdEeffGG,0.89999911
AABbCcDdEeffGg,0.89999911
AABbCcDdEeffgg,0.89999911
AABbCcDdeeFFGG,0.89999911
AABbCcDdeeFFGg,0.89999911
AABbCcDdeeFFgg,0.89999911
AABbCcDdeeFfGG,0.89999911
AABbCcDdeeFfGg,0.89999911
AABbCcDdeeFfgg,0.89999911
AABbCcDdeeffGG,0.89999911
AABbCcDdeeffGg,0.89999911
AABbCcDdeeffgg,0.89999911
AABbCcddEEFFGG,0.89999911
AABbCcddEEFFGg,0.89999911
AABbCcddEEFFgg,0.89999911
AABbCcddEEFfGG,0.89999911
AABbCcddEEFfGg,0.89999911
AABbCcddEEFfgg,0.89999911
AABbCcddEEffGG,0.89999911
AABbCcddEEffGg,0.89999911
AABbCcddEEffgg,0.89999911
AABbCcddEeFFGG,0.89999911
AABbCcddEeFFGg,0.89999911
AABbCcddEeFFgg,0.89999911
AABbCcddEeFfGG,0.89999911
AABbCcddEeFfGg,0.89999911
AABbCcddEeFfgg,0.89999911
AABbCcddEeffGG,0.89999911
AABbCcddEeffGg,0.89999911
AABbCcddEeffgg,0.89999911
AABbCcddeeFFGG,0.89999911
AABbCcddeeFFGg,0.89999911
AABbCcddeeFFgg,0.89999911
AABbCcddeeFfGG,0.89999911
AABbCcddeeFfGg,0.89999911
AABbCcddeeFfgg,0.89999911
AABbCcddeeffGG,0.89999911
AABbCcddeeffGg,0.89999911
AABbCcddeeffgg,0.89999911
AABbccDDEEFFGG,0.89999911
AABbccDDEEFFGg,0.89999911
AABbccDDEEFFgg,0.89999911
AABbccDDEEFfGG,0.89999911
AABbccDDEEFfGg,0.89999911
AABbccDDEEFfgg,0.89999911
AABbccDDEEffGG,0.89999911
AABbccDDEEffGg,0.89999911
AABbccDDEEffgg,0.89999911
AABbccDDEeFFGG,0.89999911
AABbccDDEeFFGg,0.89999911
AABbccDDEeFFgg,0.89999911
AABbccDDEeFfGG,0.89999911
AABbccDDEeFfGg,0.89999911
AABbccDDEeFfgg,0.89999911
AABbccDDEeffGG,0.89999911
AABbccDDEeffGg,0.89999911
AABbccDDEeffgg,0.89999911
AABbccDDeeFFGG,0.89999911
AABbccDDeeFFGg,0.89999911
AABbccDDeeFFgg,0.89999911
AABbccDDeeFfGG,0.89999911
AABbccDDeeFfGg,0.89999911
AABbccDDeeFfgg,0.89999911
AABbccDDeeffGG,0.89999911
AABbccDDeeffGg,0.89999911
AABbccDDeeffgg,0.89999911
AABbccDdEEFFGG,0.89999911
AABbccDdEEFFGg,0.89999911
AABbccDdEEFFgg,0.89999911
AABbccDdEEFfGG,0.89999911
AABbccDdEEFfGg,0.89999911
AABbccDdEEFfgg,0.89999911
AABbccDdEEffGG,0.89999911
AABbccDdEEffGg,0.89999911
AABbccDdEEffgg,0.89999911
AABbccDdEeFFGG,0.89999911
AABbccDdEeFFGg,0.89999911
AABbccDdEeFFgg,0.89999911
AABbccDdEeFfGG,0.89999911
AABbccDdEeFfGg,0.89999911
AABbccDdEeFfgg,0.89999911
AABbccDdEeffGG,0.89999911
AABbccDdEeffGg,0.89999911
AABbccDdEeffgg,0.89999911
AABbccDdeeFFGG,0.89999911
AABbccDdeeFFGg,0.89999911
AABbccDdeeFFgg,0.89999911
AABbccDdeeFfGG,0.89999911
AABbccDdeeFfGg,0.89999911
AABbccDdeeFfgg,0.89999911
AABbccDdeeffGG,0.89999911
AABbccDdeeffGg,0.89999911
AABbccDdeeffgg,0.89999911
AABbccddEEFFGG,0.89999911
AABbccddEEFFGg,0.89999911
AABbccddEEFFgg,0.89999911
AABbccddEEFfGG,0.89999911
AABbccddEEFfGg,0.89999911
AABbccddEEFfgg,0.89999911
AABbccddEEffGG,0.89999911
AABbccddEEffGg,0.89999911
AABbccddEEffgg,0.89999911
AABbccddEeFFGG,0.89999911
AABbccddEeFFGg,0.89999911
AABbccddEeFFgg,0.89999911
AABbccddEeFfGG,0.89999911
AABbccddEeFfGg,0.89999911
AABbccddEeFfgg,0.89999911
AABbccddEeffGG,0.89999911
AABbccddEeffGg,0.89999911
AABbccddEeffgg,0.89999911
AABbccddeeFFGG,0.89999911
AABbccddeeFFGg,0.89999911
AABbccddeeFFgg,0.89999911
AABbccddeeFfGG,0.89999911
AABbccddeeFfGg,0.89999911
AABbccddeeFfgg,0.89999911
AABbccddeeffGG,0.89999911
AABbccddeeffGg,0.89999911
AABbccddeeffgg,0.89999911
AAbbCCDDEEFFGG,0.89999911
AAbbCCDDEEFFGg,0.89999911
AAbbCCDDEEFFgg,0.89999911
AAbbCCDDEEFfGG,0.89999911
AAbbCCDDEEFfGg,0.89999911
AAbbCCDDEEFfgg,0.89999911
AAbbCCDDEEffGG,0.89999911
AAbbCCDDEEffGg,0.89999911
AAbbCCDDEEffgg,0.89999911
AAbbCCDDEeFFGG,0.89999911
AAbbCCDDEeFFGg,0.89999911
AAbbCCDDEeFFgg,0.89999911
AAbbCCDDEeFfGG,0.89999911
AAbbCCDDEeFfGg,0.89999911
AAbbCCDDEeFfgg,0.89999911
AAbbCCDDEeffGG,0.89999911
AAbbCCDDEeffGg,0.89999911
AAbbCCDDEeffgg,0.89999911
AAbbCCDDeeFFGG,0.89999911
AAbbCCDDeeFFGg,0.89999911
AAbbCCDDeeFFgg,0.89999911
AAbbCCDDeeFfGG,0.89999911
AAbbCCDDeeFfGg,0.89999911
AAbbCCDDeeFfgg,0.89999911
AAbbCCDDeeffGG,0.89999911
AAbbCCDDeeffGg,0.89999911
AAbbCCDDeeffgg,0.89999911
AAbbCCDdEEFFGG,0.89999911
AAbbCCDdEEFFGg,0.89999911
AAbbCCDdEEFFgg,0.89999911
AAbbCCDdEEFfGG,0.89999911
AAbbCCDdEEFfGg,0.89999911
AAbbCCDdEEFfgg,0.89999911
AAbbCCDdEEffGG,0.89999911
AAbbCCDdEEffGg,0.89999911
AAbbCCDdEEffgg,0.89999911
AAbbCCDdEeFFGG,0.89999911
AAbbCCDdEeFFGg,0.89999911
AAbbCCDdEeFFgg,0.89999911
AAbbCCDdEeFfGG,0.89999911
AAbbCCDdEeFfGg,0.89999911
AAbbCCDdEeFfgg,0.89999911
AAbbCCDdEeffGG,0.89999911
AAbbCCDdEeffGg,0.89999911
AAbbCCDdEeffgg,0.89999911
AAbbCCDdeeFFGG,0.89999911
AAbbCCDdeeFFGg,0.89999911
AAbbCCDdeeFFgg,0.89999911
AAbbCCDdeeFfGG,0.89999911
AAbbCCDdeeFfGg,0.89999911
AAbbCCDdeeFfgg,0.89999911
AAbbCCDdeeffGG,0.89999911
AAbbCCDdeeffGg,0.89999911
AAbbCCDdeeffgg,0.89999911
AAbbCCddEEFFGG,0.89999911
AAbbCCddEEFFGg,0.89999911
AAbbCCddEEFFgg,0.89999911
AAbbCCddEEFfGG,0.89999911
AAbbCCddEEFfGg,0.89999911
AAbbCCddEEFfgg,0.89999911
AAbbCCddEEffGG,0.89999911
AAbbCCddEEffGg,0.89999911
AAbbCCddEEffgg,0.89999911
AAbbCCddEeFFGG,0.89999911
AAbbCCddEeFFGg,0.89999911
AAbbCCddEeFFgg,0.89999911
AAbbCCddEeFfGG,0.89999911
AAbbCCddEeFfGg,0.89999911
AAbbCCddEeFfgg,0.89999911
AAbbCCddEeffGG,0.89999911
AAbbCCddEeffGg,0.89999911
AAbbCCddEeffgg,0.89999911
AAbbCCddeeFFGG,0.89999911
AAbbCCddeeFFGg,0.89999911
AAbbCCddeeFFgg,0.89999911
AAbbCCddeeFfGG,0.89999911
AAbbCCddeeFfGg,0.89999911
AAbbCCddeeFfgg,0.89999911
AAbbCCddeeffGG,0.89999911
AAbbCCddeeffGg,0.89999911
AAbbCCddeeffgg,0.89999911
AAbbCcDDEEFFGG,0.89999911
AAbbCcDDEEFFGg,0.89999911
AAbbCcDDEEFFgg,0.89999911
AAbbCcDDEEFfGG,0.89999911
AAbbCcDDEEFfGg,0.89999911
AAbbCcDDEEFfgg,0.89999911
AAbbCcDDEEffGG,0.89999911
AAbbCcDDEEffGg,0.89999911
AAbbCcDDEEffgg,0.89999911
AAbbCcDDEeFFGG,0.89999911
AAbbCcDDEeFFGg,0.89999911
AAbbCcDDEeFFgg,0.89999911
AAbbCcDDEeFfGG,0.89999911
AAbbCcDDEeFfGg,0.89999911
AAbbCcDDEeFfgg,0.89999911
AAbbCcDDEeffGG,0.89999911
AAbbCcDDEeffGg,0.89999911
AAbbCcDDEeffgg,0.89999911
AAbbCcDDeeFFGG,0.89999911
AAbbCcDDeeFFGg,0.89999911
AAbbCcDDeeFFgg,0.89999911
AAbbCcDDeeFfGG,0.89999911
AAbbCcDDeeFfGg,0.89999911
AAbbCcDDeeFfgg,0.89999911
AAbbCcDDeeffGG,0.89999911
AAbbCcDDeeffGg,0.89999911
AAbbCcDDeeffgg,0.89999911
AAbbCcDdEEFFGG,0.89999911
AAbbCcDdEEFFGg,0.89999911
AAbbCcDdEEFFgg,0.89999911
AAbbCcDdEEFfGG,0.89999911
AAbbCcDdEEFfGg,0.89999911
AAbbCcDdEEFfgg,0.89999911
AAbbCcDdEEffGG,0.89999911
AAbbCcDdEEffGg,0.89999911
AAbbCcDdEEffgg,0.89999911
AAbbCcDdEeFFGG,0.89999911
AAbbCcDdEeFFGg,0.89999911
AAbbCcDdEeFFgg,0.89999911
AAbbCcDdEeFfGG,0.89999911
AAbbCcDdEeFfGg,0.89999911
AAbbCcDdEeFfgg,0.89999911
AAbbCcDdEeffGG,0.89999911
AAbbCcDdEeffGg,0.89999911
AAbbCcDdEeffgg,0.89999911
AAbbCcDdeeFFGG,0.89999911
AAbbCcDdeeFFGg,0.89999911
AAbbCcDdeeFFgg,0.89999911
AAbbCcDdeeFfGG,0.89999911
AAbbCcDdeeFfGg,0.89999911
AAbbCcDdeeFfgg,0.89999911
AAbbCcDdeeffGG,0.89999911
AAbbCcDdeeffGg,0.89999911
AAbbCcDdeeffgg,0.89999911
AAbbCcddEEFFGG,0.89999911
AAbbCcddEEFFGg,0.89999911
AAbbCcddEEFFgg,0.89999911
AAbbCcddEEFfGG,0.89999911
AAbbCcddEEFfGg,0.89999911
AAbbCcddEEFfgg,0.89999911
AAbbCcddEEffGG,0.89999911
AAbbCcddEEffGg,0.89999911
AAbbCcddEEffgg,0.89999911
AAbbCcddEeFFGG,0.89999911
AAbbCcddEeFFGg,0.89999911
AAbbCcddEeFFgg,0.89999911
AAbbCcddEeFfGG,0.89999911
AAbbCcddEeFfGg,0.89999911
AAbbCcddEeFfgg,0.89999911
AAbbCcddEeffGG,0.89999911
AAbbCcddEeffGg,0.89999911
AAbbCcddEeffgg,0.89999911
AAbbCcddeeFFGG,0.89999911
AAbbCcddeeFFGg,0.89999911
AAbbCcddeeFFgg,0.89999911
AAbbCcddeeFfGG,0.89999911
AAbbCcddeeFfGg,0.89999911
AAbbCcddeeFfgg,0.89999911
AAbbCcddeeffGG,0.89999911
AAbbCcddeeffGg,0.89999911
AAbbCcddeeffgg,0.89999911
AAbbccDDEEFFGG,0.89999911
AAbbccDDEEFFGg,0.89999911
AAbbccDDEEFFgg,0.89999911
AAbbccDDEEFfGG,0.89999911
AAbbccDDEEFfGg,0.89999911
AAbbccDDEEFfgg,0.89999911
AAbbccDDEEffGG,0.89999911
AAbbccDDEEffGg,0.89999911
AAbbccDDEEffgg,0.89999911
AAbbccDDEeFFGG,0.89999911
AAbbccDDEeFFGg,0.89999911
AAbbccDDEeFFgg,0.89999911
AAbbccDDEeFfGG,0.89999911
AAbbccDDEeFfGg,0.89999911
AAbbccDDEeFfgg,0.89999911
AAbbccDDEeffGG,0.89999911
AAbbccDDEeffGg,0.89999911
AAbbccDDEeffgg,0.89999911
AAbbccDDeeFFGG,0.89999911
AAbbccDDeeFFGg,0.89999911
AAbbccDDeeFFgg,0.89999911
AAbbccDDeeFfGG,0.89999911
AAbbccDDeeFfGg,0.89999911
AAbbccDDeeFfgg,0.89999911
AAbbccDDeeffGG,0.89999911
AAbbccDDeeffGg,0.89999911
AAbbccDDeeffgg,0.89999911
AAbbccDdEEFFGG,0.89999911
AAbbccDdEEFFGg,0.89999911
AAbbccDdEEFFgg,0.89999911
AAbbccDdEEFfGG,0.89999911
AAbbccDdEEFfGg,0.89999911
AAbbccDdEEFfgg,0.89999911
AAbbccDdEEffGG,0.89999911
AAbbccDdEEffGg,0.89999911
AAbbccDdEEffgg,0.89999911
AAbbccDdEeFFGG,0.89999911
AAbbccDdEeFFGg,0.89999911
AAbbccDdEeFFgg,0.89999911
AAbbccDdEeFfGG,0.89999911
AAbbccDdEeFfGg,0.89999911
AAbbccDdEeFfgg,0.89999911
AAbbccDdEeffGG,0.89999911
AAbbccDdEeffGg,0.89999911
AAbbccDdEeffgg,0.89999911
AAbbccDdeeFFGG,0.89999911
AAbbccDdeeFFGg,0.89999911
AAbbccDdeeFFgg,0.89999911
AAbbccDdeeFfGG,0.89999911
AAbbccDdeeFfGg,0.89999911
AAbbccDdeeFfgg,0.89999911
AAbbccDdeeffGG,0.89999911
AAbbccDdeeffGg,0.89999911
AAbbccDdeeffgg,0.89999911
AAbbccddEEFFGG,0.89999911
AAbbccddEEFFGg,0.89999911
AAbbccddEEFFgg,0.89999911
AAbbccddEEFfGG,0.89999911
AAbbccddEEFfGg,0.89999911
AAbbccddEEFfgg,0.89999911
AAbbccddEEffGG,0.89999911
AAbbccddEEffGg,0.89999911
AAbbccddEEffgg,0.89999911
AAbbccddEeFFGG,0.89999911
AAbbccddEeFFGg,0.89999911
AAbbccddEeFFgg,0.89999911
AAbbccddEeFfGG,0.89999911
AAbbccddEeFfGg,0.89999911
AAbbccddEeFfgg,0.89999911
AAbbccddEeffGG,0.89999911
AAbbccddEeffGg,0.89999911
AAbbccddEeffgg,0.89999911
AAbbccddeeFFGG,0.89999911
AAbbccddeeFFGg,0.89999911
AAbbccddeeFFgg,0.89999911
AAbbccddeeFfGG,0.89999911
AAbbccddeeFfGg,0.89999911
AAbbccddeeFfgg,0.89999911
AAbbccddeeffGG,0.89999911
AAbbccddeeffGg,0.89999911
AAbbccddeeffgg,0.89999911
AaBBCCDDEEFFGG,0.89999911
AaBBCCDDEEFFGg,0.89999911
AaBBCCDDEEFFgg,0.89999911
AaBBCCDDEEFfGG,0.89999911
AaBBCCDDEEFfGg,0.89999911
AaBBCCDDEEFfgg,0.89999911
AaBBCCDDEEffGG,0.89999911
AaBBCCDDEEffGg,0.89999911
AaBBCCDDEEffgg,0.89999911
AaBBCCDDEeFFGG,0.89999911
AaBBCCDDEeFFGg,0.89999911
AaBBCCDDEeFFgg,0.89999911
AaBBCCDDEeFfGG,0.89999911
AaBBCCDDEeFfGg,0.89999911
AaBBCCDDEeFfgg,0.89999911
AaBBCCDDEeffGG,0.89999911
AaBBCCDDEeffGg,0.89999911
AaBBCCDDEeffgg,0.89999911
AaBBCCDDeeFFGG,0.89999911
AaBBCCDDeeFFGg,0.89999911
AaBBCCDDeeFFgg,0.89999911
AaBBCCDDeeFfGG,0.89999911
AaBBCCDDeeFfGg,0.89999911
AaBBCCDDeeFfgg,0.89999911
AaBBCCDDeeffGG,0.89999911
AaBBCCDDeeffGg,0.89999911
AaBBCCDDeeffgg,0.89999911
AaBBCCDdEEFFGG,0.89999911
AaBBCCDdEEFFGg,0.89999911
AaBBCCDdEEFFgg,0.89999911
AaBBCCDdEEFfGG,0.89999911
AaBBCCDdEEFfGg,0.89999911
AaBBCCDdEEFfgg,0.89999911
AaBBCCDdEEffGG,0.89999911
AaBBCCDdEEffGg,0.89999911
AaBBCCDdEEffgg,0.89999911
AaBBCCDdEeFFGG,0.89999911
AaBBCCDdEeFFGg,0.89999911
AaBBCCDdEeFFgg,0.89999911
AaBBCCDdEeFfGG,0.89999911
AaBBCCDdEeFfGg,0.89999911
AaBBCCDdEeFfgg,0.89999911
AaBBCCDdEeffGG,0.89999911
AaBBCCDdEeffGg,0.89999911
AaBBCCDdEeffgg,0.89999911
AaBBCCDdeeFFGG,0.89999911
AaBBCCDdeeFFGg,0.89999911
AaBBCCDdeeFFgg,0.89999911
AaBBCCDdeeFfGG,0.89999911
AaBBCCDdeeFfGg,0.89999911
AaBBCCDdeeFfgg,0.89999911
AaBBCCDdeeffGG,0.89999911
AaBBCCDdeeffGg,0.89999911
AaBBCCDdeeffgg,0.89999911
AaBBCCddEEFFGG,0.89999911
AaBBCCddEEFFGg,0.89999911
AaBBCCddEEFFgg,0.89999911
AaBBCCddEEFfGG,0.89999911
AaBBCCddEEFfGg,0.89999911
AaBBCCddEEFfgg,0.89999911
AaBBCCddEEffGG,0.89999911
AaBBCCddEEffGg,0.89999911
AaBBCCddEEffgg,0.89999911
AaBBCCddEeFFGG,0.89999911
AaBBCCddEeFFGg,0.89999911
AaBBCCddEeFFgg,0.89999911
AaBBCCddEeFfGG,0.89999911
AaBBCCddEeFfGg,0.89999911
AaBBCCddEeFfgg,0.89999911
AaBBCCddEeffGG,0.89999911
AaBBCCddEeffGg,0.89999911
AaBBCCddEeffgg,0.89999911
AaBBCCddeeFFGG,0.89999911
AaBBCCddeeFFGg,0.89999911
AaBBCCddeeFFgg,0.89999911
AaBBCCddeeFfGG,0.89999911
AaBBCCddeeFfGg,0.89999911
AaBBCCddeeFfgg,0.89999911
AaBBCCddeeffGG,0.89999911
AaBBCCddeeffGg,0.89999911
AaBBCCddeeffgg,0.89999911
AaBBCcDDEEFFGG,0.89999911
AaBBCcDDEEFFGg,0.89999911
AaBBCcDDEEFFgg,0.89999911
AaBBCcDDEEFfGG,0.89999911
AaBBCcDDEEFfGg,0.89999911
AaBBCcDDEEFfgg,0.89999911
AaBBCcDDEEffGG,0.89999911
AaBBCcDDEEffGg,0.89999911
AaBBCcDDEEffgg,0.89999911
AaBBCcDDEeFFGG,0.89999911
AaBBCcDDEeFFGg,0.89999911
AaBBCcDDEeFFgg,0.89999911
AaBBCcDDEeFfGG,0.89999911
AaBBCcDDEeFfGg,0.89999911
AaBBCcDDEeFfgg,0.89999911
AaBBCcDDEeffGG,0.89999911
AaBBCcDDEeffGg,0.89999911
AaBBCcDDEeffgg,0.89999911
AaBBCcDDeeFFGG,0.89999911
AaBBCcDDeeFFGg,0.89999911
AaBBCcDDeeFFgg,0.89999911
AaBBCcDDeeFfGG,0.89999911
AaBBCcDDeeFfGg,0.89999911
AaBBCcDDeeFfgg,0.89999911
AaBBCcDDeeffGG,0.89999911
AaBBCcDDeeffGg,0.89999911
AaBBCcDDeeffgg,0.89999911
AaBBCcDdEEFFGG,0.89999911
AaBBCcDdEEFFGg,0.89999911
AaBBCcDdEEFFgg,0.89999911
AaBBCcDdEEFfGG,0.89999911
AaBBCcDdEEFfGg,0.89999911
AaBBCcDdEEFfgg,0.89999911
AaBBCcDdEEffGG,0.89999911
AaBBCcDdEEffGg,0.89999911
AaBBCcDdEEffgg,0.89999911
AaBBCcDdEeFFGG,0.89999911
AaBBCcDdEeFFGg,0.89999911
AaBBCcDdEeFFgg,0.89999911
AaBBCcDdEeFfGG,0.89999911
AaBBCcDdEeFfGg,0.89999911
AaBBCcDdEeFfgg,0.89999911
AaBBCcDdEeffGG,0.89999911
AaBBCcDdEeffGg,0.89999911
AaBBCcDdEeffgg,0.89999911
AaBBCcDdeeFFGG,0.89999911
AaBBCcDdeeFFGg,0.89999911
AaBBCcDdeeFFgg,0.89999911
AaBBCcDdeeFfGG,0.89999911
AaBBCcDdeeFfGg,0.89999911
AaBBCcDdeeFfgg,0.89999911
AaBBCcDdeeffGG,0.89999911
AaBBCcDdeeffGg,0.89999911
AaBBCcDdeeffgg,0.89999911
AaBBCcddEEFFGG,0.89999911
AaBBCcddEEFFGg,0.89999911
AaBBCcddEEFFgg,0.89999911
AaBBCcddEEFfGG,0.89999911
AaBBCcddEEFfGg,0.89999911
AaBBCcddEEFfgg,0.89999911
AaBBCcddEEffGG,0.89999911
AaBBCcddEEffGg,0.89999911
AaBBCcddEEffgg,0.89999911
AaBBCcddEeFFGG,0.89999911
AaBBCcddEeFFGg,0.89999911
AaBBCcddEeFFgg,0.89999911
AaBBCcddEeFfGG,0.89999911
AaBBCcddEeFfGg,0.89999911
AaBBCcddEeFfgg,0.89999911
AaBBCcddEeffGG,0.89999911
AaBBCcddEeffGg,0.89999911
AaBBCcddEeffgg,0.89999911
AaBBCcddeeFFGG,0.89999911
AaBBCcddeeFFGg,0.89999911
AaBBCcddeeFFgg,0.89999911
AaBBCcddeeFfGG,0.89999911
AaBBCcddeeFfGg,0.89999911
AaBBCcddeeFfgg,0.89999911
AaBBCcddeeffGG,0.89999911
AaBBCcddeeffGg,0.89999911
AaBBCcddeeffgg,0.89999911
AaBBccDDEEFFGG,0.89999911
AaBBccDDEEFFGg,0.89999911
AaBBccDDEEFFgg,0.89999911
AaBBccDDEEFfGG,0.89999911
AaBBccDDEEFfGg,0.89999911
AaBBccDDEEFfgg,0.89999911
AaBBccDDEEffGG,0.89999911
AaBBccDDEEffGg,0.89999911
AaBBccDDEEffgg,0.89999911
AaBBccDDEeFFGG,0.89999911
AaBBccDDEeFFGg,0.89999911
AaBBccDDEeFFgg,0.89999911
AaBBccDDEeFfGG,0.89999911
AaBBccDDEeFfGg,0.89999911
AaBBccDDEeFfgg,0.89999911
AaBBccDDEeffGG,0.89999911
AaBBccDDEeffGg,0.89999911
AaBBccDDEeffgg,0.89999911
AaBBccDDeeFFGG,0.89999911
AaBBccDDeeFFGg,0.89999911
AaBBccDDeeFFgg,0.89999911
AaBBccDDeeFfGG,0.89999911
AaBBccDDeeFfGg,0.89999911
AaBBccDDeeFfgg,0.89999911
AaBBccDDeeffGG,0.89999911
AaBBccDDeeffGg,0.89999911
AaBBccDDeeffgg,0.89999911
AaBBccDdEEFFGG,0.89999911
AaBBccDdEEFFGg,0.89999911
AaBBccDdEEFFgg,0.89999911
AaBBccDdEEFfGG,0.89999911
AaBBccDdEEFfGg,0.89999911
AaBBccDdEEFfgg,0.89999911
AaBBccDdEEffGG,0.89999911
AaBBccDdEEffGg,0.89999911
AaBBccDdEEffgg,0.89999911
AaBBccDdEeFFGG,0.89999911
AaBBccDdEeFFGg,0.89999911
AaBBccDdEeFFgg,0.89999911
AaBBccDdEeFfGG,0.89999911
AaBBccDdEeFfGg,0.89999911
AaBBccDdEeFfgg,0.89999911
AaBBccDdEeffGG,0.89999911
AaBBccDdEeffGg,0.89999911
AaBBccDdEeffgg,0.89999911
AaBBccDdeeFFGG,0.89999911
AaBBccDdeeFFGg,0.89999911
AaBBccDdeeFFgg,0.89999911
AaBBccDdeeFfGG,0.89999911
AaBBccDdeeFfGg,0.89999911
AaBBccDdeeFfgg,0.89999911
AaBBccDdeeffGG,0.89999911
AaBBccDdeeffGg,0.89999911
AaBBccDdeeffgg,0.89999911
AaBBccddEEFFGG,0.89999911
AaBBccddEEFFGg,0.89999911
AaBBccddEEFFgg,0.89999911
AaBBccddEEFfGG,0.89999911
AaBBccddEEFfGg,0.89999911
AaBBccddEEFfgg,0.89999911
AaBBccddEEffGG,0.89999911
AaBBccddEEffGg,0.89999911
AaBBccddEEffgg,0.89999911
AaBBccddEeFFGG,0.89999911
AaBBccddEeFFGg,0.89999911
AaBBccddEeFFgg,0.89999911
AaBBccddEeFfGG,0.89999911
AaBBccddEeFfGg,0.89999911
AaBBccddEeFfgg,0.89999911
AaBBccddEeffGG,0.89999911
AaBBccddEeffGg,0.89999911
AaBBccddEeffgg,0.89999911
AaBBccddeeFFGG,0.89999911
AaBBccddeeFFGg,0.89999911
AaBBccddeeFFgg,0.89999911
AaBBccddeeFfGG,0.89999911
AaBBccddeeFfGg,0.89999911
AaBBccddeeFfgg,0.89999911
AaBBccddeeffGG,0.89999911
AaBBccddeeffGg,0.89999911
AaBBccddeeffgg,0.89999911
AaBbCCDDEEFFGG,0.89999911
AaBbCCDDEEFFGg,0.89999911
AaBbCCDDEEFFgg,0.89999911
AaBbCCDDEEFfGG,0.89999911
AaBbCCDDEEFfGg,0.89999911
AaBbCCDDEEFfgg,0.89999911
AaBbCCDDEEffGG,0.89999911
AaBbCCDDEEffGg,0.89999911
AaBbCCDDEEffgg,0.89999911
AaBbCCDDEeFFGG,0.89999911
AaBbCCDDEeFFGg,0.89999911
AaBbCCDDEeFFgg,0.89999911
AaBbCCDDEeFfGG,0.89999911
AaBbCCDDEeFfGg,0.89999911
AaBbCCDDEeFfgg,0.89999911
AaBbCCDDEeffGG,0.89999911
AaBbCCDDEeffGg,0.89999911
AaBbCCDDEeffgg,0.89999911
AaBbCCDDeeFFGG,0.89999911
AaBbCCDDeeFFGg,0.89999911
AaBbCCDDeeFFgg,0.89999911
AaBbCCDDeeFfGG,0.89999911
AaBbCCDDeeFfGg,0.89999911
AaBbCCDDeeFfgg,0.89999911
AaBbCCDDeeffGG,0.89999911
AaBbCCDDeeffGg,0.89999911
AaBbCCDDeeffgg,0.89999911
AaBbCCDdEEFFGG,0.89999911
AaBbCCDdEEFFGg,0.89999911
AaBbCCDdEEFFgg,0.89999911
AaBbCCDdEEFfGG,0.89999911
AaBbCCDdEEFfGg,0.89999911
AaBbCCDdEEFfgg,0.89999911
AaBbCCDdEEffGG,0.89999911
AaBbCCDdEEffGg,0.89999911
AaBbCCDdEEffgg,0.89999911
AaBbCCDdEeFFGG,0.89999911
AaBbCCDdEeFFGg,0.89999911
AaBbCCDdEeFFgg,0.89999911
AaBbCCDdEeFfGG,0.89999911
AaBbCCDdEeFfGg,0.89999911
AaBbCCDdEeFfgg,0.89999911
AaBbCCDdEeffGG,0.89999911
AaBbCCDdEeffGg,0.89999911
AaBbCCDdEeffgg,0.89999911
AaBbCCDdeeFFGG,0.89999911
AaBbCCDdeeFFGg,0.89999911
AaBbCCDdeeFFgg,0.89999911
AaBbCCDdeeFfGG,0.89999911
AaBbCCDdeeFfGg,0.89999911
AaBbCCDdeeFfgg,0.89999911
AaBbCCDdeeffGG,0.89999911
AaBbCCDdeeffGg,0.89999911
AaBbCCDdeeffgg,0.89999911
AaBbCCddEEFFGG,0.89999911
AaBbCCddEEFFGg,0.89999911
AaBbCCddEEFFgg,0.89999911
AaBbCCddEEFfGG,0.89999911
AaBbCCddEEFfGg,0.89999911
AaBbCCddEEFfgg,0.89999911
AaBbCCddEEffGG,0.89999911
AaBbCCddEEffGg,0.89999911
AaBbCCddEEffgg,0.89999911
AaBbCCddEeFFGG,0.89999911
AaBbCCddEeFFGg,0.89999911
AaBbCCddEeFFgg,0.89999911
AaBbCCddEeFfGG,0.89999911
AaBbCCddEeFfGg,0.89999911
AaBbCCddEeFfgg,0.89999911
AaBbCCddEeffGG,0.89999911
AaBbCCddEeffGg,0.89999911
AaBbCCddEeffgg,0.89999911
AaBbCCddeeFFGG,0.89999911
AaBbCCddeeFFGg,0.89999911
AaBbCCddeeFFgg,0.89999911
AaBbCCddeeFfGG,0.89999911
AaBbCCddeeFfGg,0.89999911
AaBbCCddeeFfgg,0.89999911
AaBbCCddeeffGG,0.89999911
AaBbCCddeeffGg,0.89999911
AaBbCCddeeffgg,0.89999911
AaBbCcDDEEFFGG,0.89999911
AaBbCcDDEEFFGg,0.89999911
AaBbCcDDEEFFgg,0.89999911
AaBbCcDDEEFfGG,0.89999911
AaBbCcDDEEFfGg,0.89999911
AaBbCcDDEEFfgg,0.89999911
AaBbCcDDEEffGG,0.89999911
AaBbCcDDEEffGg,0.89999911
AaBbCcDDEEffgg,0.89999911
AaBbCcDDEeFFGG,0.89999911
AaBbCcDDEeFFGg,0.89999911
AaBbCcDDEeFFgg,0.89999911
AaBbCcDDEeFfGG,0.89999911
AaBbCcDDEeFfGg,0.89999911
AaBbCcDDEeFfgg,0.89999911
AaBbCcDDEeffGG,0.89999911
AaBbCcDDEeffGg,0.89999911
AaBbCcDDEeffgg,0.89999911
AaBbCcDDeeFFGG,0.89999911
AaBbCcDDeeFFGg,0.89999911
AaBbCcDDeeFFgg,0.89999911
AaBbCcDDeeFfGG,0.89999911
AaBbCcDDeeFfGg,0.89999911
AaBbCcDDeeFfgg,0.89999911
AaBbCcDDeeffGG,0.89999911
AaBbCcDDeeffGg,0.89999911
AaBbCcDDeeffgg,0.89999911
AaBbCcDdEEFFGG,0.89999911
AaBbCcDdEEFFGg,0.89999911
AaBbCcDdEEFFgg,0.89999911
AaBbCcDdEEFfGG,0.89999911
AaBbCcDdEEFfGg,0.89999911
AaBbCcDdEEFfgg,0.89999911
AaBbCcDdEEffGG,0.89999911
AaBbCcDdEEffGg,0.89999911
AaBbCcDdEEffgg,0.89999911
AaBbCcDdEeFFGG,0.89999911
AaBbCcDdEeFFGg,0.89999911
AaBbCcDdEeFFgg,0.89999911
AaBbCcDdEeFfGG,0.89999911
AaBbCcDdEeFfGg,1.00000000
AaBbCcDdEeFfgg,1.00000000
AaBbCcDdEeffGG,0.89999911
AaBbCcDdEeffGg,1.00000000
AaBbCcDdEeffgg,1.00000000
AaBbCcDdeeFFGG,0.89999911
AaBbCcDdeeFFGg,0.89999911
AaBbCcDdeeFFgg,0.89999911
AaBbCcDdeeFfGG,0.89999911
AaBbCcDdeeFfGg,1.00000000
AaBbCcDdeeFfgg,1.00000000
AaBbCcDdeeffGG,0.89999911
AaBbCcDdeeffGg,1.00000000
AaBbCcDdeeffgg,1.00000000
AaBbCcddEEFFGG,0.89999911
AaBbCcddEEFFGg,0.89999911
AaBbCcddEEFFgg,0.89999911
AaBbCcddEEFfGG,0.89999911
AaBbCcddEEFfGg,0.89999911
AaBbCcddEEFfgg,0.89999911
AaBbCcddEEffGG,0.89999911
AaBbCcddEEffGg,0.89999911
AaBbCcddEEffgg,0.89999911
AaBbCcddEeFFGG,0.89999911
AaBbCcddEeFFGg,0.89999911
AaBbCcddEeFFgg,0.89999911
AaBbCcddEeFfGG,0.89999911
AaBbCcddEeFfGg,1.00000000
AaBbCcddEeFfgg,1.00000000
AaBbCcddEeffGG,0.89999911
AaBbCcddEeffGg,1.00000000
AaBbCcddEeffgg,1.00000000
AaBbCcddeeFFGG,0.89999911
AaBbCcddeeFFGg,0.89999911
AaBbCcddeeFFgg,0.89999911
AaBbCcddeeFfGG,0.89999911
AaBbCcddeeFfGg,1.00000000
AaBbCcddeeFfgg,1.00000000
AaBbCcddeeffGG,0.89999911
AaBbCcddeeffGg,1.00000000
AaBbCcddeeffgg,1.00000000
AaBbccDDEEFFGG,0.89999911
AaBbccDDEEFFGg,0.89999911
AaBbccDDEEFFgg,0.89999911
AaBbccDDEEFfGG,0.89999911
AaBbccDDEEFfGg,0.89999911
AaBbccDDEEFfgg,0.89999911
AaBbccDDEEffGG,0.89999911
AaBbccDDEEffGg,0.89999911
AaBbccDDEEffgg,0.89999911
AaBbccDDEeFFGG,0.89999911
AaBbccDDEeFFGg,0.89999911
AaBbccDDEeFFgg,0.89999911
AaBbccDDEeFfGG,0.89999911
AaBbccDDEeFfGg,0.89999911
AaBbccDDEeFfgg,0.89999911
AaBbccDDEeffGG,0.89999911
AaBbccDDEeffGg,0.89999911
AaBbccDDEeffgg,0.89999911
AaBbccDDeeFFGG,0.89999911
AaBbccDDeeFFGg,0.89999911
AaBbccDDeeFFgg,0.89999911
AaBbccDDeeFfGG,0.89999911
AaBbccDDeeFfGg,0.89999911
AaBbccDDeeFfgg,0.89999911
AaBbccDDeeffGG,0.89999911
AaBbccDDeeffGg,0.89999911
AaBbccDDeeffgg,0.89999911
AaBbccDdEEFFGG,0.89999911
AaBbccDdEEFFGg,0.89999911
AaBbccDdEEFFgg,0.89999911
AaBbccDdEEFfGG,0.89999911
AaBbccDdEEFfGg,0.89999911
AaBbccDdEEFfgg,0.89999911
AaBbccDdEEffGG,0.89999911
AaBbccDdEEffGg,0.89999911
AaBbccDdEEffgg,0.89999911
AaBbccDdEeFFGG,0.89999911
AaBbccDdEeFFGg,0.89999911
AaBbccDdEeFFgg,0.89999911
AaBbccDdEeFfGG,0.89999911
AaBbccDdEeFfGg,1.00000000
AaBbccDdEeFfgg,1.00000000
AaBbccDdEeffGG,0.89999911
AaBbccDdEeffGg,1.00000000
AaBbccDdEeffgg,1.00000000
AaBbccDdeeFFGG,0.89999911
AaBbccDdeeFFGg,0.89999911
AaBbccDdeeFFgg,0.89999911
AaBbccDdeeFfGG,0.89999911
AaBbccDdeeFfGg,1.00000000
AaBbccDdeeFfgg,1.00000000
AaBbccDdeeffGG,0.89999911
AaBbccDdeeffGg,1.00000000
AaBbccDdeeffgg,1.00000000
AaBbccddEEFFGG,0.89999911
AaBbccddEEFFGg,0.89999911
AaBbccddEEFFgg,0.89999911
AaBbccddEEFfGG,0.89999911
AaBbccddEEFfGg,0.89999911
AaBbccddEEFfgg,0.89999911
AaBbccddEEffGG,0.89999911
AaBbccddEEffGg,0.89999911
AaBbccddEEffgg,0.89999911
AaBbccddEeFFGG,0.89999911
AaBbccddEeFFGg,0.89999911
AaBbccddEeFFgg,0.89999911
AaBbccddEeFfGG,0.89999911
AaBbccddEeFfGg,1.00000000
AaBbccddEeFfgg,1.00000000
AaBbccddEeffGG,0.89999911
AaBbccddEeffGg,1.00000000
AaBbccddEeffgg,1.00000000
AaBbccddeeFFGG,0.89999911
AaBbccddeeFFGg,0.89999911
AaBbccddeeFFgg,0.89999911
AaBbccddeeFfGG,0.89999911
AaBbccddeeFfGg,1.00000000
AaBbccddeeFfgg,1.00000000
AaBbccddeeffGG,0.89999911
AaBbccddeeffGg,1.00000000
AaBbccddeeffgg,1.00000000
AabbCCDDEEFFGG,0.89999911
AabbCCDDEEFFGg,0.89999911
AabbCCDDEEFFgg,0.89999911
AabbCCDDEEFfGG,0.89999911
AabbCCDDEEFfGg,0.89999911
AabbCCDDEEFfgg,0.89999911
AabbCCDDEEffGG,0.89999911
AabbCCDDEEffGg,0.89999911
AabbCCDDEEffgg,0.89999911
AabbCCDDEeFFGG,0.89999911
AabbCCDDEeFFGg,0.89999911
AabbCCDDEeFFgg,0.89999911
AabbCCDDEeFfGG,0.89999911
AabbCCDDEeFfGg,0.89999911
AabbCCDDEeFfgg,0.89999911
AabbCCDDEeffGG,0.89999911
AabbCCDDEeffGg,0.89999911
AabbCCDDEeffgg,0.89999911
AabbCCDDeeFFGG,0.89999911
AabbCCDDeeFFGg,0.89999911
AabbCCDDeeFFgg,0.89999911
AabbCCDDeeFfGG,0.89999911
AabbCCDDeeFfGg,0.89999911
AabbCCDDeeFfgg,0.89999911
AabbCCDDeeffGG,0.89999911
AabbCCDDeeffGg,0.89999911
AabbCCDDeeffgg,0.89999911
AabbCCDdEEFFGG,0.89999911
AabbCCDdEEFFGg,0.89999911
AabbCCDdEEFFgg,0.89999911
AabbCCDdEEFfGG,0.89999911
AabbCCDdEEFfGg,0.89999911
AabbCCDdEEFfgg,0.89999911
AabbCCDdEEffGG,0.89999911
AabbCCDdEEffGg,0.89999911
AabbCCDdEEffgg,0.89999911
AabbCCDdEeFFGG,0.89999911
AabbCCDdEeFFGg,0.89999911
AabbCCDdEeFFgg,0.89999911
AabbCCDdEeFfGG,0.89999911
AabbCCDdEeFfGg,0.89999911
AabbCCDdEeFfgg,0.89999911
AabbCCDdEeffGG,0.89999911
AabbCCDdEeffGg,0.89999911
AabbCCDdEeffgg,0.89999911
AabbCCDdeeFFGG,0.89999911
AabbCCDdeeFFGg,0.89999911
AabbCCDdeeFFgg,0.89999911
AabbCCDdeeFfGG,0.89999911
AabbCCDdeeFfGg,0.89999911
AabbCCDdeeFfgg,0.89999911
AabbCCDdeeffGG,0.89999911
AabbCCDdeeffGg,0.89999911
AabbCCDdeeffgg,0.89999911
AabbCCddEEFFGG,0.89999911
AabbCCddEEFFGg,0.89999911
AabbCCddEEFFgg,0.89999911
AabbCCddEEFfGG,0.89999911
AabbCCddEEFfGg,0.89999911
AabbCCddEEFfgg,0.89999911
AabbCCddEEffGG,0.89999911
AabbCCddEEffGg,0.89999911
AabbCCddEEffgg,0.89999911
AabbCCddEeFFGG,0.89999911
AabbCCddEeFFGg,0.89999911
AabbCCddEeFFgg,0.89999911
AabbCCddEeFfGG,0.89999911
AabbCCddEeFfGg,0.89999911
AabbCCddEeFfgg,0.89999911
AabbCCddEeffGG,0.89999911
AabbCCddEeffGg,0.89999911
AabbCCddEeffgg,0.89999911
AabbCCddeeFFGG,0.89999911
AabbCCddeeFFGg,0.89999911
AabbCCddeeFFgg,0.89999911
AabbCCddeeFfGG,0.89999911
AabbCCddeeFfGg,0.89999911
AabbCCddeeFfgg,0.89999911
AabbCCddeeffGG,0.89999911
AabbCCddeeffGg,0.89999911
AabbCCddeeffgg,0.89999911
AabbCcDDEEFFGG,0.89999911
AabbCcDDEEFFGg,0.89999911
AabbCcDDEEFFgg,0.89999911
AabbCcDDEEFfGG,0.89999911
AabbCcDDEEFfGg,0.89999911
AabbCcDDEEFfgg,0.89999911
AabbCcDDEEffGG,0.89999911
AabbCcDDEEffGg,0.89999911
AabbCcDDEEffgg,0.89999911
AabbCcDDEeFFGG,0.89999911
AabbCcDDEeFFGg,0.89999911
AabbCcDDEeFFgg,0.89999911
AabbCcDDEeFfGG,0.89999911
AabbCcDDEeFfGg,0.89999911
AabbCcDDEeFfgg,0.89999911
AabbCcDDEeffGG,0.89999911
AabbCcDDEeffGg,0.89999911
AabbCcDDEeffgg,0.89999911
AabbCcDDeeFFGG,0.89999911
AabbCcDDeeFFGg,0.89999911
AabbCcDDeeFFgg,0.89999911
AabbCcDDeeFfGG,0.89999911
AabbCcDDeeFfGg,0.89999911
AabbCcDDeeFfgg,0.89999911
AabbCcDDeeffGG,0.89999911
AabbCcDDeeffGg,0.89999911
AabbCcDDeeffgg,0.89999911
AabbCcDdEEFFGG,0.89999911
AabbCcDdEEFFGg,0.89999911
AabbCcDdEEFFgg,0.89999911
AabbCcDdEEFfGG,0.89999911
AabbCcDdEEFfGg,0.89999911
AabbCcDdEEFfgg,0.89999911
AabbCcDdEEffGG,0.89999911
AabbCcDdEEffGg,0.89999911
AabbCcDdEEffgg,0.89999911
AabbCcDdEeFFGG,0.89999911
AabbCcDdEeFFGg,0.89999911
AabbCcDdEeFFgg,0.89999911
AabbCcDdEeFfGG,0.89999911
AabbCcDdEeFfGg,1.00000000
AabbCcDdEeFfgg,1.00000000
AabbCcDdEeffGG,0.89999911
AabbCcDdEeffGg,1.00000000
AabbCcDdEeffgg,1.00000000
AabbCcDdeeFFGG,0.89999911
AabbCcDdeeFFGg,0.89999911
AabbCcDdeeFFgg,0.89999911
AabbCcDdeeFfGG,0.89999911
AabbCcDdeeFfGg,1.00000000
AabbCcDdeeFfgg,1.00000000
AabbCcDdeeffGG,0.89999911
AabbCcDdeeffGg,1.00000000
AabbCcDdeeffgg,1.00000000
AabbCcddEEFFGG,0.89999911
AabbCcddEEFFGg,0.89999911
AabbCcddEEFFgg,0.89999911
AabbCcddEEFfGG,0.89999911
AabbCcddEEFfGg,0.89999911
AabbCcddEEFfgg,0.89999911
AabbCcddEEffGG,0.89999911
AabbCcddEEffGg,0.89999911
AabbCcddEEffgg,0.89999911
AabbCcddEeFFGG,0.89999911
AabbCcddEeFFGg,0.89999911
AabbCcddEeFFgg,0.89999911
AabbCcddEeFfGG,0.89999911
AabbCcddEeFfGg,1.00000000
AabbCcddEeFfgg,1.00000000
AabbCcddEeffGG,0.89999911
AabbCcddEeffGg,1.00000000
AabbCcddEeffgg,1.00000000
AabbCcddeeFFGG,0.89999911
AabbCcddeeFFGg,0.89999911
AabbCcddeeFFgg,0.89999911
AabbCcddeeFfGG,0.89999911
AabbCcddeeFfGg,1.00000000
AabbCcddeeFfgg,1.00000000
AabbCcddeeffGG,0.89999911
AabbCcddeeffGg,1.00000000
AabbCcddeeffgg,1.00000000
AabbccDDEEFFGG,0.89999911
AabbccDDEEFFGg,0.89999911
AabbccDDEEFFgg,0.89999911
AabbccDDEEFfGG,0.89999911
AabbccDDEEFfGg,0.89999911
AabbccDDEEFfgg,0.89999911
AabbccDDEEffGG,0.89999911
AabbccDDEEffGg,0.89999911
AabbccDDEEffgg,0.89999911
AabbccDDEeFFGG,0.89999911
AabbccDDEeFFGg,0.89999911
AabbccDDEeFFgg,0.89999911
AabbccDDEeFfGG,0.89999911
AabbccDDEeFfGg,0.89999911
AabbccDDEeFfgg,0.89999911
AabbccDDEeffGG,0.89999911
AabbccDDEeffGg,0.89999911
AabbccDDEeffgg,0.89999911
AabbccDDeeFFGG,0.89999911
AabbccDDeeFFGg,0.89999911
AabbccDDeeFFgg,0.89999911
AabbccDDeeFfGG,0.89999911
AabbccDDeeFfGg,0.89999911
AabbccDDeeFfgg,0.89999911
AabbccDDeeffGG,0.89999911
AabbccDDeeffGg,0.89999911
AabbccDDeeffgg,0.89999911
AabbccDdEEFFGG,0.89999911
AabbccDdEEFFGg,0.89999911
AabbccDdEEFFgg,0.89999911
AabbccDdEEFfGG,0.89999911
AabbccDdEEFfGg,0.89999911
AabbccDdEEFfgg,0.89999911
AabbccDdEEffGG,0.89999911
AabbccDdEEffGg,0.89999911
AabbccDdEEffgg,0.89999911
AabbccDdEeFFGG,0.89999911
AabbccDdEeFFGg,0.89999911
AabbccDdEeFFgg,0.89999911
AabbccDdEeFfGG,0.89999911
AabbccDdEeFfGg,1.00000000
AabbccDdEeFfgg,1.00000000
AabbccDdEeffGG,0.89999911
AabbccDdEeffGg,1.00000000
AabbccDdEeffgg,1.00000000
AabbccDdeeFFGG,0.89999911
AabbccDdeeFFGg,0.89999911
AabbccDdeeFFgg,0.89999911
AabbccDdeeFfGG,0.89999911
AabbccDdeeFfGg,1.00000000
AabbccDdeeFfgg,1.00000000
AabbccDdeeffGG,0.89999911
AabbccDdeeffGg,1.00000000
AabbccDdeeffgg,1.00000000
AabbccddEEFFGG,0.89999911
AabbccddEEFFGg,0.89999911
AabbccddEEFFgg,0.89999911
AabbccddEEFfGG,0.89999911
AabbccddEEFfGg,0.89999911
AabbccddEEFfgg,0.89999911
AabbccddEEffGG,0.89999911
AabbccddEEffGg,0.89999911
AabbccddEEffgg,0.89999911
AabbccddEeFFGG,0.89999911
AabbccddEeFFGg,0.89999911
AabbccddEeFFgg,0.89999911
AabbccddEeFfGG,0.89999911
AabbccddEeFfGg,1.00000000
AabbccddEeFfgg,1.00000000
AabbccddEeffGG,0.89999911
AabbccddEeffGg,1.00000000
AabbccddEeffgg,1.00000000
AabbccddeeFFGG,0.89999911
AabbccddeeFFGg,0.89999911
AabbccddeeFFgg,0.89999911
AabbccddeeFfGG,0.89999911
AabbccddeeFfGg,1.00000000
AabbccddeeFfgg,1.00000000
AabbccddeeffGG,0.89999911
AabbccddeeffGg,1.00000000
Aabbccddeeffgg,1.00000000
aaBBCCDDEEFFGG,0.89999911
aaBBCCDDEEFFGg,0.89999911
aaBBCCDDEEFFgg,0.89999911
aaBBCCDDEEFfGG,0.89999911
aaBBCCDDEEFfGg,0.89999911
aaBBCCDDEEFfgg,0.89999911
aaBBCCDDEEffGG,0.89999911
aaBBCCDDEEffGg,0.89999911
aaBBCCDDEEffgg,0.89999911
aaBBCCDDEeFFGG,0.89999911
aaBBCCDDEeFFGg,0.89999911
aaBBCCDDEeFFgg,0.89999911
aaBBCCDDEeFfGG,0.89999911
aaBBCCDDEeFfGg,0.89999911
aaBBCCDDEeFfgg,0.89999911
aaBBCCDDEeffGG,0.89999911
aaBBCCDDEeffGg,0.89999911
aaBBCCDDEeffgg,0.89999911
aaBBCCDDeeFFGG,0.89999911
aaBBCCDDeeFFGg,0.89999911
aaBBCCDDeeFFgg,0.89999911
aaBBCCDDeeFfGG,0.89999911
aaBBCCDDeeFfGg,0.89999911
aaBBCCDDeeFfgg,0.89999911
aaBBCCDDeeffGG,0.89999911
aaBBCCDDeeffGg,0.89999911
aaBBCCDDeeffgg,0.89999911
aaBBCCDdEEFFGG,0.89999911
aaBBCCDdEEFFGg,0.89999911
aaBBCCDdEEFFgg,0.89999911
aaBBCCDdEEFfGG,0.89999911
aaBBCCDdEEFfGg,0.89999911
aaBBCCDdEEFfgg,0.89999911
aaBBCCDdEEffGG,0.89999911
aaBBCCDdEEffGg,0.89999911
aaBBCCDdEEffgg,0.89999911
aaBBCCDdEeFFGG,0.89999911
aaBBCCDdEeFFGg,0.89999911
aaBBCCDdEeFFgg,0.89999911
aaBBCCDdEeFfGG,0.89999911
aaBBCCDdEeFfGg,0.89999911
aaBBCCDdEeFfgg,0.89999911
aaBBCCDdEeffGG,0.89999911
aaBBCCDdEeffGg,0.89999911
aaBBCCDdEeffgg,0.89999911
aaBBCCDdeeFFGG,0.89999911
aaBBCCDdeeFFGg,0.89999911
aaBBCCDdeeFFgg,0.89999911
aaBBCCDdeeFfGG,0.89999911
aaBBCCDdeeFfGg,0.89999911
aaBBCCDdeeFfgg,0.89999911
aaBBCCDdeeffGG,0.89999911
aaBBCCDdeeffGg,0.89999911
aaBBCCDdeeffgg,0.89999911
aaBBCCddEEFFGG,0.89999911
aaBBCCddEEFFGg,0.89999911
aaBBCCddEEFFgg,0.89999911
aaBBCCddEEFfGG,0.89999911
aaBBCCddEEFfGg,0.89999911
aaBBCCddEEFfgg,0.89999911
aaBBCCddEEffGG,0.89999911
aaBBCCddEEffGg,0.89999911
aaBBCCddEEffgg,0.89999911
aaBBCCddEeFFGG,0.89999911
aaBBCCddEeFFGg,0.89999911
aaBBCCddEeFFgg,0.89999911
aaBBCCddEeFfGG,0.89999911
aaBBCCddEeFfGg,0.89999911
aaBBCCddEeFfgg,0.89999911
aaBBCCddEeffGG,0.89999911
aaBBCCddEeffGg,0.89999911
aaBBCCddEeffgg,0.89999911
aaBBCCddeeFFGG,0.89999911
aaBBCCddeeFFGg,0.89999911
aaBBCCddeeFFgg,0.89999911
aaBBCCddeeFfGG,0.89999911
aaBBCCddeeFfGg,0.89999911
aaBBCCddeeFfgg,0.89999911
aaBBCCddeeffGG,0.89999911
aaBBCCddeeffGg,0.89999911
aaBBCCddeeffgg,0.89999911
aaBBCcDDEEFFGG,0.89999911
aaBBCcDDEEFFGg,0.89999911
aaBBCcDDEEFFgg,0.89999911
aaBBCcDDEEFfGG,0.89999911
aaBBCcDDEEFfGg,0.89999911
aaBBCcDDEEFfgg,0.89999911
aaBBCcDDEEffGG,0.89999911
aaBBCcDDEEffGg,0.89999911
aaBBCcDDEEffgg,0.89999911
aaBBCcDDEeFFGG,0.89999911
aaBBCcDDEeFFGg,0.89999911
aaBBCcDDEeFFgg,0.89999911
aaBBCcDDEeFfGG,0.89999911
aaBBCcDDEeFfGg,0.89999911
aaBBCcDDEeFfgg,0.89999911
aaBBCcDDEeffGG,0.89999911
aaBBCcDDEeffGg,0.89999911
aaBBCcDDEeffgg,0.89999911
aaBBCcDDeeFFGG,0.89999911
aaBBCcDDeeFFGg,0.89999911
aaBBCcDDeeFFgg,0.89999911
aaBBCcDDeeFfGG,0.89999911
aaBBCcDDeeFfGg,0.89999911
aaBBCcDDeeFfgg,0.89999911
aaBBCcDDeeffGG,0.89999911
aaBBCcDDeeffGg,0.89999911
aaBBCcDDeeffgg,0.89999911
aaBBCcDdEEFFGG,0.89999911
aaBBCcDdEEFFGg,0.89999911
aaBBCcDdEEFFgg,0.89999911
aaBBCcDdEEFfGG,0.89999911
aaBBCcDdEEFfGg,0.89999911
aaBBCcDdEEFfgg,0.89999911
aaBBCcDdEEffGG,0.89999911
aaBBCcDdEEffGg,0.89999911
aaBBCcDdEEffgg,0.89999911
aaBBCcDdEeFFGG,0.89999911
aaBBCcDdEeFFGg,0.89999911
aaBBCcDdEeFFgg,0.89999911
aaBBCcDdEeFfGG,0.89999911
aaBBCcDdEeFfGg,0.89999911
aaBBCcDdEeFfgg,0.89999911
aaBBCcDdEeffGG,0.89999911
aaBBCcDdEeffGg,0.89999911
aaBBCcDdEeffgg,0.89999911
aaBBCcDdeeFFGG,0.89999911
aaBBCcDdeeFFGg,0.89999911
aaBBCcDdeeFFgg,0.89999911
aaBBCcDdeeFfGG,0.89999911
aaBBCcDdeeFfGg,0.89999911
aaBBCcDdeeFfgg,0.89999911
aaBBCcDdeeffGG,0.89999911
aaBBCcDdeeffGg,0.89999911
aaBBCcDdeeffgg,0.89999911
aaBBCcddEEFFGG,0.89999911
aaBBCcddEEFFGg,0.89999911
aaBBCcddEEFFgg,0.89999911
aaBBCcddEEFfGG,0.89999911
aaBBCcddEEFfGg,0.89999911
aaBBCcddEEFfgg,0.89999911
aaBBCcddEEffGG,0.89999911
aaBBCcddEEffGg,0.89999911
aaBBCcddEEffgg,0.89999911
aaBBCcddEeFFGG,0.89999911
aaBBCcddEeFFGg,0.89999911
aaBBCcddEeFFgg,0.89999911
aaBBCcddEeFfGG,0.89999911
aaBBCcddEeFfGg,0.89999911
aaBBCcddEeFfgg,0.89999911
aaBBCcddEeffGG,0.89999911
aaBBCcddEeffGg,0.89999911
aaBBCcddEeffgg,0.89999911
aaBBCcddeeFFGG,0.89999911
aaBBCcddeeFFGg,0.89999911
aaBBCcddeeFFgg,0.89999911
aaBBCcddeeFfGG,0.89999911
aaBBCcddeeFfGg,0.89999911
aaBBCcddeeFfgg,0.89999911
aaBBCcddeeffGG,0.89999911
aaBBCcddeeffGg,0.89999911
aaBBCcddeeffgg,0.89999911
aaBBccDDEEFFGG,0.89999911
aaBBccDDEEFFGg,0.89999911
aaBBccDDEEFFgg,0.89999911
aaBBccDDEEFfGG,0.89999911
aaBBccDDEEFfGg,0.89999911
aaBBccDDEEFfgg,0.89999911
aaBBccDDEEffGG,0.89999911
aaBBccDDEEffGg,0.89999911
aaBBccDDEEffgg,0.89999911
aaBBccDDEeFFGG,0.89999911
aaBBccDDEeFFGg,0.89999911
aaBBccDDEeFFgg,0.89999911
aaBBccDDEeFfGG,0.89999911
aaBBccDDEeFfGg,0.89999911
aaBBccDDEeFfgg,0.89999911
aaBBccDDEeffGG,0.89999911
aaBBccDDEeffGg,0.89999911
aaBBccDDEeffgg,0.89999911
aaBBccDDeeFFGG,0.89999911
aaBBccDDeeFFGg,0.89999911
aaBBccDDeeFFgg,0.89999911
aaBBccDDeeFfGG,0.89999911
aaBBccDDeeFfGg,0.89999911
aaBBccDDeeFfgg,0.89999911
aaBBccDDeeffGG,0.89999911
aaBBccDDeeffGg,0.89999911
aaBBccDDeeffgg,0.89999911
aaBBccDdEEFFGG,0.89999911
aaBBccDdEEFFGg,0.89999911
aaBBccDdEEFFgg,0.89999911
aaBBccDdEEFfGG,0.89999911
aaBBccDdEEFfGg,0.89999911
aaBBccDdEEFfgg,0.89999911
aaBBccDdEEffGG,0.89999911
aaBBccDdEEffGg,0.89999911
aaBBccDdEEffgg,0.89999911
aaBBccDdEeFFGG,0.89999911
aaBBccDdEeFFGg,0.89999911
aaBBccDdEeFFgg,0.89999911
aaBBccDdEeFfGG,0.89999911
aaBBccDdEeFfGg,0.89999911
aaBBccDdEeFfgg,0.89999911
aaBBccDdEeffGG,0.89999911
aaBBccDdEeffGg,0.89999911
aaBBccDdEeffgg,0.89999911
aaBBccDdeeFFGG,0.89999911
aaBBccDdeeFFGg,0.89999911
aaBBccDdeeFFgg,0.89999911
aaBBccDdeeFfGG,0.89999911
aaBBccDdeeFfGg,0.89999911
aaBBccDdeeFfgg,0.89999911
aaBBccDdeeffGG,0.89999911
aaBBccDdeeffGg,0.89999911
aaBBccDdeeffgg,0.89999911
aaBBccddEEFFGG,0.89999911
aaBBccddEEFFGg,0.89999911
aaBBccddEEFFgg,0.89999911
aaBBccddEEFfGG,0.89999911
aaBBccddEEFfGg,0.89999911
aaBBccddEEFfgg,0.89999911
aaBBccddEEffGG,0.89999911
aaBBccddEEffGg,0.89999911
aaBBccddEEffgg,0.89999911
aaBBccddEeFFGG,0.89999911
aaBBccddEeFFGg,0.89999911
aaBBccddEeFFgg,0.89999911
aaBBccddEeFfGG,0.89999911
aaBBccddEeFfGg,0.89999911
aaBBccddEeFfgg,0.89999911
aaBBccddEeffGG,0.89999911
aaBBccddEeffGg,0.89999911
aaBBccddEeffgg,0.89999911
aaBBccddeeFFGG,0.89999911
aaBBccddeeFFGg,0.89999911
aaBBccddeeFFgg,0.89999911
aaBBccddeeFfGG,0.89999911
aaBBccddeeFfGg,0.89999911
aaBBccddeeFfgg,0.89999911
aaBBccddeeffGG,0.89999911
aaBBccddeeffGg,0.89999911
aaBBccddeeffgg,0.89999911
aaBbCCDDEEFFGG,0.89999911
aaBbCCDDEEFFGg,0.89999911
aaBbCCDDEEFFgg,0.89999911
aaBbCCDDEEFfGG,0.89999911
aaBbCCDDEEFfGg,0.89999911
aaBbCCDDEEFfgg,0.89999911
aaBbCCDDEEffGG,0.89999911
aaBbCCDDEEffGg,0.89999911
aaBbCCDDEEffgg,0.89999911
aaBbCCDDEeFFGG,0.89999911
aaBbCCDDEeFFGg,0.89999911
aaBbCCDDEeFFgg,0.89999911
aaBbCCDDEeFfGG,0.89999911
aaBbCCDDEeFfGg,0.89999911
aaBbCCDDEeFfgg,0.89999911
aaBbCCDDEeffGG,0.89999911
aaBbCCDDEeffGg,0.89999911
aaBbCCDDEeffgg,0.89999911
aaBbCCDDeeFFGG,0.89999911
aaBbCCDDeeFFGg,0.89999911
aaBbCCDDeeFFgg,0.89999911
aaBbCCDDeeFfGG,0.89999911
aaBbCCDDeeFfGg,0.89999911
aaBbCCDDeeFfgg,0.89999911
aaBbCCDDeeffGG,0.89999911
aaBbCCDDeeffGg,0.89999911
aaBbCCDDeeffgg,0.89999911
aaBbCCDdEEFFGG,0.89999911
aaBbCCDdEEFFGg,0.89999911
aaBbCCDdEEFFgg,0.89999911
aaBbCCDdEEFfGG,0.89999911
aaBbCCDdEEFfGg,0.89999911
aaBbCCDdEEFfgg,0.89999911
aaBbCCDdEEffGG,0.89999911
aaBbCCDdEEffGg,0.89999911
aaBbCCDdEEffgg,0.89999911
aaBbCCDdEeFFGG,0.89999911
aaBbCCDdEeFFGg,0.89999911
aaBbCCDdEeFFgg,0.89999911
aaBbCCDdEeFfGG,0.89999911
aaBbCCDdEeFfGg,0.89999911
aaBbCCDdEeFfgg,0.89999911
aaBbCCDdEeffGG,0.89999911
aaBbCCDdEeffGg,0.89999911
aaBbCCDdEeffgg,0.89999911
aaBbCCDdeeFFGG,0.89999911
aaBbCCDdeeFFGg,0.89999911
aaBbCCDdeeFFgg,0.89999911
aaBbCCDdeeFfGG,0.89999911
aaBbCCDdeeFfGg,0.89999911
aaBbCCDdeeFfgg,0.89999911
aaBbCCDdeeffGG,0.89999911
aaBbCCDdeeffGg,0.89999911
aaBbCCDdeeffgg,0.89999911
aaBbCCddEEFFGG,0.89999911
aaBbCCddEEFFGg,0.89999911
aaBbCCddEEFFgg,0.89999911
aaBbCCddEEFfGG,0.89999911
aaBbCCddEEFfGg,0.89999911
aaBbCCddEEFfgg,0.89999911
aaBbCCddEEffGG,0.89999911
aaBbCCddEEffGg,0.89999911
aaBbCCddEEffgg,0.89999911
aaBbCCddEeFFGG,0.89999911
aaBbCCddEeFFGg,0.89999911
aaBbCCddEeFFgg,0.89999911
aaBbCCddEeFfGG,0.89999911
aaBbCCddEeFfGg,0.89999911
aaBbCCddEeFfgg,0.89999911
aaBbCCddEeffGG,0.89999911
aaBbCCddEeffGg,0.89999911
aaBbCCddEeffgg,0.89999911
aaBbCCddeeFFGG,0.89999911
aaBbCCddeeFFGg,0.89999911
aaBbCCddeeFFgg,0.89999911
aaBbCCddeeFfGG,0.89999911
aaBbCCddeeFfGg,0.89999911
aaBbCCddeeFfgg,0.89999911
aaBbCCddeeffGG,0.89999911
aaBbCCddeeffGg,0.89999911
aaBbCCddeeffgg,0.89999911
aaBbCcDDEEFFGG,0.89999911
aaBbCcDDEEFFGg,0.89999911
aaBbCcDDEEFFgg,0.89999911
aaBbCcDDEEFfGG,0.89999911
aaBbCcDDEEFfGg,0.89999911
aaBbCcDDEEFfgg,0.89999911
aaBbCcDDEEffGG,0.89999911
aaBbCcDDEEffGg,0.89999911
aaBbCcDDEEffgg,0.89999911
aaBbCcDDEeFFGG,0.89999911
aaBbCcDDEeFFGg,0.89999911
aaBbCcDDEeFFgg,0.89999911
aaBbCcDDEeFfGG,0.89999911
aaBbCcDDEeFfGg,0.89999911
aaBbCcDDEeFfgg,0.89999911
aaBbCcDDEeffGG,0.89999911
aaBbCcDDEeffGg,0.89999911
aaBbCcDDEeffgg,0.89999911
aaBbCcDDeeFFGG,0.89999911
aaBbCcDDeeFFGg,0.89999911
aaBbCcDDeeFFgg,0.89999911
aaBbCcDDeeFfGG,0.89999911
aaBbCcDDeeFfGg,0.89999911
aaBbCcDDeeFfgg,0.89999911
aaBbCcDDeeffGG,0.89999911
aaBbCcDDeeffGg,0.89999911
aaBbCcDDeeffgg,0.89999911
aaBbCcDdEEFFGG,0.89999911
aaBbCcDdEEFFGg,0.89999911
aaBbCcDdEEFFgg,0.89999911
aaBbCcDdEEFfGG,0.89999911
aaBbCcDdEEFfGg,0.89999911
aaBbCcDdEEFfgg,0.89999911
aaBbCcDdEEffGG,0.89999911
aaBbCcDdEEffGg,0.89999911
aaBbCcDdEEffgg,0.89999911
aaBbCcDdEeFFGG,0.89999911
aaBbCcDdEeFFGg,0.89999911
aaBbCcDdEeFFgg,0.89999911
aaBbCcDdEeFfGG,0.89999911
aaBbCcDdEeFfGg,1.00000000
aaBbCcDdEeFfgg,1.00000000
aaBbCcDdEeffGG,0.89999911
aaBbCcDdEeffGg,1.00000000
aaBbCcDdEeffgg,1.00000000
aaBbCcDdeeFFGG,0.89999911
aaBbCcDdeeFFGg,0.89999911
aaBbCcDdeeFFgg,0.89999911
aaBbCcDdeeFfGG,0.89999911
aaBbCcDdeeFfGg,1.00000000
aaBbCcDdeeFfgg,1.00000000
aaBbCcDdeeffGG,0.89999911
aaBbCcDdeeffGg,1.00000000
aaBbCcDdeeffgg,1.00000000
aaBbCcddEEFFGG,0.89999911
aaBbCcddEEFFGg,0.89999911
aaBbCcddEEFFgg,0.89999911
aaBbCcddEEFfGG,0.89999911
aaBbCcddEEFfGg,0.89999911
aaBbCcddEEFfgg,0.89999911
aaBbCcddEEffGG,0.89999911
aaBbCcddEEffGg,0.89999911
aaBbCcddEEffgg,0.89999911
aaBbCcddEeFFGG,0.89999911
aaBbCcddEeFFGg,0.89999911
aaBbCcddEeFFgg,0.89999911
aaBbCcddEeFfGG,0.89999911
aaBbCcddEeFfGg,1.00000000
aaBbCcddEeFfgg,1.00000000
aaBbCcddEeffGG,0.89999911
aaBbCcddEeffGg,1.00000000
aaBbCcddEeffgg,1.00000000
aaBbCcddeeFFGG,0.89999911
aaBbCcddeeFFGg,0.89999911
aaBbCcddeeFFgg,0.89999911
aaBbCcddeeFfGG,0.89999911
aaBbCcddeeFfGg,1.00000000
aaBbCcddeeFfgg,1.00000000
aaBbCcddeeffGG,0.89999911
aaBbCcddeeffGg,1.00000000
aaBbCcddeeffgg,1.00000000
aaBbccDDEEFFGG,0.89999911
aaBbccDDEEFFGg,0.89999911
aaBbccDDEEFFgg,0.89999911
aaBbccDDEEFfGG,0.89999911
aaBbccDDEEFfGg,0.89999911
aaBbccDDEEFfgg,0.89999911
aaBbccDDEEffGG,0.89999911
aaBbccDDEEffGg,0.89999911
aaBbccDDEEffgg,0.89999911
aaBbccDDEeFFGG,0.89999911
aaBbccDDEeFFGg,0.89999911
aaBbccDDEeFFgg,0.89999911
aaBbccDDEeFfGG,0.89999911
aaBbccDDEeFfGg,0.89999911
aaBbccDDEeFfgg,0.89999911
aaBbccDDEeffGG,0.89999911
aaBbccDDEeffGg,0.89999911
aaBbccDDEeffgg,0.89999911
aaBbccDDeeFFGG,0.89999911
aaBbccDDeeFFGg,0.89999911
aaBbccDDeeFFgg,0.89999911
aaBbccDDeeFfGG,0.89999911
aaBbccDDeeFfGg,0.89999911
aaBbccDDeeFfgg,0.89999911
aaBbccDDeeffGG,0.89999911
aaBbccDDeeffGg,0.89999911
aaBbccDDeeffgg,0.89999911
aaBbccDdEEFFGG,0.89999911
aaBbccDdEEFFGg,0.89999911
aaBbccDdEEFFgg,0.89999911
aaBbccDdEEFfGG,0.89999911
aaBbccDdEEFfGg,0.89999911
aaBbccDdEEFfgg,0.89999911
aaBbccDdEEffGG,0.89999911
aaBbccDdEEffGg,0.89999911
aaBbccDdEEffgg,0.89999911
aaBbccDdEeFFGG,0.89999911
aaBbccDdEeFFGg,0.89999911
aaBbccDdEeFFgg,0.89999911
aaBbccDdEeFfGG,0.89999911
aaBbccDdEeFfGg,1.00000000
aaBbccDdEeFfgg,1.00000000
aaBbccDdEeffGG,0.89999911
aaBbccDdEeffGg,1.00000000
aaBbccDdEeffgg,1.00000000
aaBbccDdeeFFGG,0.89999911
aaBbccDdeeFFGg,0.89999911
aaBbccDdeeFFgg,0.89999911
aaBbccDdeeFfGG,0.89999911
aaBbccDdeeFfGg,1.00000000
aaBbccDdeeFfgg,1.00000000
aaBbccDdeeffGG,0.89999911
aaBbccDdeeffGg,1.00000000
aaBbccDdeeffgg,1.00000000
aaBbccddEEFFGG,0.89999911
aaBbccddEEFFGg,0.89999911
aaBbccddEEFFgg,0.89999911
aaBbccddEEFfGG,0.89999911
aaBbccddEEFfGg,0.89999911
aaBbccddEEFfgg,0.89999911
aaBbccddEEffGG,0.89999911
aaBbccddEEffGg,0.89999911
aaBbccddEEffgg,0.89999911
aaBbccddEeFFGG,0.89999911
aaBbccddEeFFGg,0.89999911
aaBbccddEeFFgg,0.89999911
aaBbccddEeFfGG,0.89999911
aaBbccddEeFfGg,1.00000000
aaBbccddEeFfgg,1.00000000
aaBbccddEeffGG,0.89999911
aaBbccddEeffGg,1.00000000
aaBbccddEeffgg,1.00000000
aaBbccddeeFFGG,0.89999911
aaBbccddeeFFGg,0.89999911
aaBbccddeeFFgg,0.89999911
aaBbccddeeFfGG,0.89999911
aaBbccddeeFfGg,1.00000000
aaBbccddeeFfgg,1.00000000
aaBbccddeeffGG,0.89999911
aaBbccddeeffGg,1.00000000
aaBbccddeeffgg,1.00000000
aabbCCDDEEFFGG,0.89999911
aabbCCDDEEFFGg,0.89999911
aabbCCDDEEFFgg,0.89999911
aabbCCDDEEFfGG,0.89999911
aabbCCDDEEFfGg,0.89999911
aabbCCDDEEFfgg,0.89999911
aabbCCDDEEffGG,0.89999911
aabbCCDDEEffGg,0.89999911
aabbCCDDEEffgg,0.89999911
aabbCCDDEeFFGG,0.89999911
aabbCCDDEeFFGg,0.89999911
aabbCCDDEeFFgg,0.89999911
aabbCCDDEeFfGG,0.89999911
aabbCCDDEeFfGg,0.89999911
aabbCCDDEeFfgg,0.89999911
aabbCCDDEeffGG,0.89999911
aabbCCDDEeffGg,0.89999911
aabbCCDDEeffgg,0.89999911
aabbCCDDeeFFGG,0.89999911
aabbCCDDeeFFGg,0.89999911
aabbCCDDeeFFgg,0.89999911
aabbCCDDeeFfGG,0.89999911
aabbCCDDeeFfGg,0.89999911
aabbCCDDeeFfgg,0.89999911
aabbCCDDeeffGG,0.89999911
aabbCCDDeeffGg,0.89999911
aabbCCDDeeffgg,0.89999911
aabbCCDdEEFFGG,0.89999911
aabbCCDdEEFFGg,0.89999911
aabbCCDdEEFFgg,0.89999911
aabbCCDdEEFfGG,0.89999911
aabbCCDdEEFfGg,0.89999911
aabbCCDdEEFfgg,0.89999911
aabbCCDdEEffGG,0.89999911
aabbCCDdEEffGg,0.89999911
aabbCCDdEEffgg,0.89999911
aabbCCDdEeFFGG,0.89999911
aabbCCDdEeFFGg,0.89999911
aabbCCDdEeFFgg,0.89999911
aabbCCDdEeFfGG,0.89999911
aabbCCDdEeFfGg,0.89999911
aabbCCDdEeFfgg,0.89999911
aabbCCDdEeffGG,0.89999911
aabbCCDdEeffGg,0.89999911
aabbCCDdEeffgg,0.89999911
aabbCCDdeeFFGG,0.89999911
aabbCCDdeeFFGg,0.89999911
aabbCCDdeeFFgg,0.89999911
aabbCCDdeeFfGG,0.89999911
aabbCCDdeeFfGg,0.89999911
aabbCCDdeeFfgg,0.89999911
aabbCCDdeeffGG,0.89999911
aabbCCDdeeffGg,0.89999911
aabbCCDdeeffgg,0.89999911
aabbCCddEEFFGG,0.89999911
aabbCCddEEFFGg,0.89999911
aabbCCddEEFFgg,0.89999911
aabbCCddEEFfGG,0.89999911
aabbCCddEEFfGg,0.89999911
aabbCCddEEFfgg,0.89999911
aabbCCddEEffGG,0.89999911
aabbCCddEEffGg,0.89999911
aabbCCddEEffgg,0.89999911
aabbCCddEeFFGG,0.89999911
aabbCCddEeFFGg,0.89999911
aabbCCddEeFFgg,0.89999911
aabbCCddEeFfGG,0.89999911
aabbCCddEeFfGg,0.89999911
aabbCCddEeFfgg,0.89999911
aabbCCddEeffGG,0.89999911
aabbCCddEeffGg,0.89999911
aabbCCddEeffgg,0.89999911
aabbCCddeeFFGG,0.89999911
aabbCCddeeFFGg,0.89999911
aabbCCddeeFFgg,0.89999911
aabbCCddeeFfGG,0.89999911
aabbCCddeeFfGg,0.89999911
aabbCCddeeFfgg,0.89999911
aabbCCddeeffGG,0.89999911
aabbCCddeeffGg,0.89999911
aabbCCddeeffgg,0.89999911
aabbCcDDEEFFGG,0.89999911
aabbCcDDEEFFGg,0.89999911
aabbCcDDEEFFgg,0.89999911
aabbCcDDEEFfGG,0.89999911
aabbCcDDEEFfGg,0.89999911
aabbCcDDEEFfgg,0.89999911
aabbCcDDEEffGG,0.89999911
aabbCcDDEEffGg,0.89999911
aabbCcDDEEffgg,0.89999911
aabbCcDDEeFFGG,0.89999911
aabbCcDDEeFFGg,0.89999911
aabbCcDDEeFFgg,0.89999911
aabbCcDDEeFfGG,0.89999911
aabbCcDDEeFfGg,0.89999911
aabbCcDDEeFfgg,0.89999911
aabbCcDDEeffGG,0.89999911
aabbCcDDEeffGg,0.89999911
aabbCcDDEeffgg,0.89999911
aabbCcDDeeFFGG,0.89999911
aabbCcDDeeFFGg,0.89999911
aabbCcDDeeFFgg,0.89999911
aabbCcDDeeFfGG,0.89999911
aabbCcDDeeFfGg,0.89999911
aabbCcDDeeFfgg,0.89999911
aabbCcDDeeffGG,0.89999911
aabbCcDDeeffGg,0.89999911
aabbCcDDeeffgg,0.89999911
aabbCcDdEEFFGG,0.89999911
aabbCcDdEEFFGg,0.89999911
aabbCcDdEEFFgg,0.89999911
aabbCcDdEEFfGG,0.89999911
aabbCcDdEEFfGg,0.89999911
aabbCcDdEEFfgg,0.89999911
aabbCcDdEEffGG,0.89999911
aabbCcDdEEffGg,0.89999911
aabbCcDdEEffgg,0.89999911
aabbCcDdEeFFGG,0.89999911
aabbCcDdEeFFGg,0.89999911
aabbCcDdEeFFgg,0.89999911
aabbCcDdEeFfGG,0.89999911
aabbCcDdEeFfGg,1.00000000
aabbCcDdEeFfgg,1.00000000
aabbCcDdEeffGG,0.89999911
aabbCcDdEeffGg,1.00000000
aabbCcDdEeffgg,1.00000000
aabbCcDdeeFFGG,0.89999911
aabbCcDdeeFFGg,0.89999911
aabbCcDdeeFFgg,0.89999911
aabbCcDdeeFfGG,0.89999911
aabbCcDdeeFfGg,1.00000000
aabbCcDdeeFfgg,1.00000000
aabbCcDdeeffGG,0.89999911
aabbCcDdeeffGg,1.00000000
aabbCcDdeeffgg,1.00000000
aabbCcddEEFFGG,0.89999911
aabbCcddEEFFGg,0.89999911
aabbCcddEEFFgg,0.89999911
aabbCcddEEFfGG,0.89999911
aabbCcddEEFfGg,0.89999911
aabbCcddEEFfgg,0.89999911
aabbCcddEEffGG,0.89999911
aabbCcddEEffGg,0.89999911
aabbCcddEEffgg,0.89999911
aabbCcddEeFFGG,0.89999911
aabbCcddEeFFGg,0.89999911
aabbCcddEeFFgg,0.89999911
aabbCcddEeFfGG,0.89999911
aabbCcddEeFfGg,1.00000000
aabbCcddEeFfgg,1.00000000
aabbCcddEeffGG,0.89999911
aabbCcddEeffGg,1.00000000
aabbCcddEeffgg,1.00000000
aabbCcddeeFFGG,0.89999911
aabbCcddeeFFGg,0.89999911
aabbCcddeeFFgg,0.89999911
aabbCcddeeFfGG,0.89999911
aabbCcddeeFfGg,1.00000000
aabbCcddeeFfgg,1.00000000
aabbCcddeeffGG,0.89999911
aabbCcddeeffGg,1.00000000
aabbCcddeeffgg,1.00000000
aabbccDDEEFFGG,0.89999911
aabbccDDEEFFGg,0.89999911
aabbccDDEEFFgg,0.89999911
aabbccDDEEFfGG,0.89999911
aabbccDDEEFfGg,0.89999911
aabbccDDEEFfgg,0.89999911
aabbccDDEEffGG,0.89999911
aabbccDDEEffGg,0.89999911
aabbccDDEEffgg,0.89999911
aabbccDDEeFFGG,0.89999911
aabbccDDEeFFGg,0.89999911
aabbccDDEeFFgg,0.89999911
aabbccDDEeFfGG,0.89999911
aabbccDDEeFfGg,0.89999911
aabbccDDEeFfgg,0.89999911
aabbccDDEeffGG,0.89999911
aabbccDDEeffGg,0.89999911
aabbccDDEeffgg,0.89999911
aabbccDDeeFFGG,0.89999911
aabbccDDeeFFGg,0.89999911
aabbccDDeeFFgg,0.89999911
aabbccDDeeFfGG,0.89999911
aabbccDDeeFfGg,0.89999911
aabbccDDeeFfgg,0.89999911
aabbccDDeeffGG,0.89999911
aabbccDDeeffGg,0.89999911
aabbccDDeeffgg,0.89999911
aabbccDdEEFFGG,0.89999911
aabbccDdEEFFGg,0.89999911
aabbccDdEEFFgg,0.89999911
aabbccDdEEFfGG,0.89999911
aabbccDdEEFfGg,0.89999911
aabbccDdEEFfgg,0.89999911
aabbccDdEEffGG,0.89999911
aabbccDdEEffGg,0.89999911
aabbccDdEEffgg,0.89999911
aabbccDdEeFFGG,0.89999911
aabbccDdEeFFGg,0.89999911
aabbccDdEeFFgg,0.89999911
aabbccDdEeFfGG,0.89999911
aabbccDdEeFfGg,1.00000000
aabbccDdEeFfgg,1.00000000
aabbccDdEeffGG,0.89999911
aabbccDdEeffGg,1.00000000
aabbccDdEeffgg,1.00000000
aabbccDdeeFFGG,0.89999911
aabbccDdeeFFGg,0.89999911
aabbccDdeeFFgg,0.89999911
aabbccDdeeFfGG,0.89999911
aabbccDdeeFfGg,1.00000000
aabbccDdeeFfgg,1.00000000
aabbccDdeeffGG,0.89999911
aabbccDdeeffGg,1.00000000
aabbccDdeeffgg,1.00000000
aabbccddEEFFGG,0.89999911
aabbccddEEFFGg,0.89999911
aabbccddEEFFgg,0.89999911
aabbccddEEFfGG,0.89999911
aabbccddEEFfGg,0.89999911
aabbccddEEFfgg,0.89999911
aabbccddEEffGG,0.89999911
aabbccddEEffGg,0.89999911
aabbccddEEffgg,0.89999911
aabbccddEeFFGG,0.89999911
aabbccddEeFFGg,0.89999911
aabbccddEeFFgg,0.89999911
aabbccddEeFfGG,0.89999911
aabbccddEeFfGg,1.00000000
aabbccddEeFfgg,1.00000000
aabbccddEeffGG,0.89999911
aabbccddEeffGg,1.00000000
aabbccddEeffgg,1.00000000
aabbccddeeFFGG,0.89999911
aabbccddeeFFGg,0.89999911
aabbccddeeFFgg,0.89999911
aabbccddeeFfGG,0.89999911
aabbccddeeFfGg,1.00000000
aabbccddeeFfgg,1.00000000
aabbccddeeffGG,0.89999911
aabbccddeeffGg,1.00000000
aabbccddeeffgg,1.00000000
