# Jonathan Marchini, Peter Donnelly, and Lon R. Cardon
# Genome-Wide Strategies for Detecting Multiple Loci That Influence Complex Diseases
# Nature Genetics 37, no. 4 (April 2005): 413Â–17
# https://doi.org/10.1038/ng1537.
# 
# 7-way additive epistatic model

AABBCCDDEEFFGG, x
AABBCCDDEEFFGg, x*(1+y)
AABBCCDDEEFFgg, x*(1+y)^2
AABBCCDDEEFfGG, x*(1+y)
AABBCCDDEEFfGg, x*(1+y)^2
AABBCCDDEEFfgg, x*(1+y)^3
AABBCCDDEEffGG, x*(1+y)^2
AABBCCDDEEffGg, x*(1+y)^3
AABBCCDDEEffgg, x*(1+y)^4
AABBCCDDEeFFGG, x*(1+y)
AABBCCDDEeFFGg, x*(1+y)^2
AABBCCDDEeFFgg, x*(1+y)^3
AABBCCDDEeFfGG, x*(1+y)^2
AABBCCDDEeFfGg, x*(1+y)^3
AABBCCDDEeFfgg, x*(1+y)^4
AABBCCDDEeffGG, x*(1+y)^3
AABBCCDDEeffGg, x*(1+y)^4
AABBCCDDEeffgg, x*(1+y)^5
AABBCCDDeeFFGG, x*(1+y)^2
AABBCCDDeeFFGg, x*(1+y)^3
AABBCCDDeeFFgg, x*(1+y)^4
AABBCCDDeeFfGG, x*(1+y)^3
AABBCCDDeeFfGg, x*(1+y)^4
AABBCCDDeeFfgg, x*(1+y)^5
AABBCCDDeeffGG, x*(1+y)^4
AABBCCDDeeffGg, x*(1+y)^5
AABBCCDDeeffgg, x*(1+y)^6
AABBCCDdEEFFGG, x*(1+y)
AABBCCDdEEFFGg, x*(1+y)^2
AABBCCDdEEFFgg, x*(1+y)^3
AABBCCDdEEFfGG, x*(1+y)^2
AABBCCDdEEFfGg, x*(1+y)^3
AABBCCDdEEFfgg, x*(1+y)^4
AABBCCDdEEffGG, x*(1+y)^3
AABBCCDdEEffGg, x*(1+y)^4
AABBCCDdEEffgg, x*(1+y)^5
AABBCCDdEeFFGG, x*(1+y)^2
AABBCCDdEeFFGg, x*(1+y)^3
AABBCCDdEeFFgg, x*(1+y)^4
AABBCCDdEeFfGG, x*(1+y)^3
AABBCCDdEeFfGg, x*(1+y)^4
AABBCCDdEeFfgg, x*(1+y)^5
AABBCCDdEeffGG, x*(1+y)^4
AABBCCDdEeffGg, x*(1+y)^5
AABBCCDdEeffgg, x*(1+y)^6
AABBCCDdeeFFGG, x*(1+y)^3
AABBCCDdeeFFGg, x*(1+y)^4
AABBCCDdeeFFgg, x*(1+y)^5
AABBCCDdeeFfGG, x*(1+y)^4
AABBCCDdeeFfGg, x*(1+y)^5
AABBCCDdeeFfgg, x*(1+y)^6
AABBCCDdeeffGG, x*(1+y)^5
AABBCCDdeeffGg, x*(1+y)^6
AABBCCDdeeffgg, x*(1+y)^7
AABBCCddEEFFGG, x*(1+y)^2
AABBCCddEEFFGg, x*(1+y)^3
AABBCCddEEFFgg, x*(1+y)^4
AABBCCddEEFfGG, x*(1+y)^3
AABBCCddEEFfGg, x*(1+y)^4
AABBCCddEEFfgg, x*(1+y)^5
AABBCCddEEffGG, x*(1+y)^4
AABBCCddEEffGg, x*(1+y)^5
AABBCCddEEffgg, x*(1+y)^6
AABBCCddEeFFGG, x*(1+y)^3
AABBCCddEeFFGg, x*(1+y)^4
AABBCCddEeFFgg, x*(1+y)^5
AABBCCddEeFfGG, x*(1+y)^4
AABBCCddEeFfGg, x*(1+y)^5
AABBCCddEeFfgg, x*(1+y)^6
AABBCCddEeffGG, x*(1+y)^5
AABBCCddEeffGg, x*(1+y)^6
AABBCCddEeffgg, x*(1+y)^7
AABBCCddeeFFGG, x*(1+y)^4
AABBCCddeeFFGg, x*(1+y)^5
AABBCCddeeFFgg, x*(1+y)^6
AABBCCddeeFfGG, x*(1+y)^5
AABBCCddeeFfGg, x*(1+y)^6
AABBCCddeeFfgg, x*(1+y)^7
AABBCCddeeffGG, x*(1+y)^6
AABBCCddeeffGg, x*(1+y)^7
AABBCCddeeffgg, x*(1+y)^8
AABBCcDDEEFFGG, x*(1+y)
AABBCcDDEEFFGg, x*(1+y)^2
AABBCcDDEEFFgg, x*(1+y)^3
AABBCcDDEEFfGG, x*(1+y)^2
AABBCcDDEEFfGg, x*(1+y)^3
AABBCcDDEEFfgg, x*(1+y)^4
AABBCcDDEEffGG, x*(1+y)^3
AABBCcDDEEffGg, x*(1+y)^4
AABBCcDDEEffgg, x*(1+y)^5
AABBCcDDEeFFGG, x*(1+y)^2
AABBCcDDEeFFGg, x*(1+y)^3
AABBCcDDEeFFgg, x*(1+y)^4
AABBCcDDEeFfGG, x*(1+y)^3
AABBCcDDEeFfGg, x*(1+y)^4
AABBCcDDEeFfgg, x*(1+y)^5
AABBCcDDEeffGG, x*(1+y)^4
AABBCcDDEeffGg, x*(1+y)^5
AABBCcDDEeffgg, x*(1+y)^6
AABBCcDDeeFFGG, x*(1+y)^3
AABBCcDDeeFFGg, x*(1+y)^4
AABBCcDDeeFFgg, x*(1+y)^5
AABBCcDDeeFfGG, x*(1+y)^4
AABBCcDDeeFfGg, x*(1+y)^5
AABBCcDDeeFfgg, x*(1+y)^6
AABBCcDDeeffGG, x*(1+y)^5
AABBCcDDeeffGg, x*(1+y)^6
AABBCcDDeeffgg, x*(1+y)^7
AABBCcDdEEFFGG, x*(1+y)^2
AABBCcDdEEFFGg, x*(1+y)^3
AABBCcDdEEFFgg, x*(1+y)^4
AABBCcDdEEFfGG, x*(1+y)^3
AABBCcDdEEFfGg, x*(1+y)^4
AABBCcDdEEFfgg, x*(1+y)^5
AABBCcDdEEffGG, x*(1+y)^4
AABBCcDdEEffGg, x*(1+y)^5
AABBCcDdEEffgg, x*(1+y)^6
AABBCcDdEeFFGG, x*(1+y)^3
AABBCcDdEeFFGg, x*(1+y)^4
AABBCcDdEeFFgg, x*(1+y)^5
AABBCcDdEeFfGG, x*(1+y)^4
AABBCcDdEeFfGg, x*(1+y)^5
AABBCcDdEeFfgg, x*(1+y)^6
AABBCcDdEeffGG, x*(1+y)^5
AABBCcDdEeffGg, x*(1+y)^6
AABBCcDdEeffgg, x*(1+y)^7
AABBCcDdeeFFGG, x*(1+y)^4
AABBCcDdeeFFGg, x*(1+y)^5
AABBCcDdeeFFgg, x*(1+y)^6
AABBCcDdeeFfGG, x*(1+y)^5
AABBCcDdeeFfGg, x*(1+y)^6
AABBCcDdeeFfgg, x*(1+y)^7
AABBCcDdeeffGG, x*(1+y)^6
AABBCcDdeeffGg, x*(1+y)^7
AABBCcDdeeffgg, x*(1+y)^8
AABBCcddEEFFGG, x*(1+y)^3
AABBCcddEEFFGg, x*(1+y)^4
AABBCcddEEFFgg, x*(1+y)^5
AABBCcddEEFfGG, x*(1+y)^4
AABBCcddEEFfGg, x*(1+y)^5
AABBCcddEEFfgg, x*(1+y)^6
AABBCcddEEffGG, x*(1+y)^5
AABBCcddEEffGg, x*(1+y)^6
AABBCcddEEffgg, x*(1+y)^7
AABBCcddEeFFGG, x*(1+y)^4
AABBCcddEeFFGg, x*(1+y)^5
AABBCcddEeFFgg, x*(1+y)^6
AABBCcddEeFfGG, x*(1+y)^5
AABBCcddEeFfGg, x*(1+y)^6
AABBCcddEeFfgg, x*(1+y)^7
AABBCcddEeffGG, x*(1+y)^6
AABBCcddEeffGg, x*(1+y)^7
AABBCcddEeffgg, x*(1+y)^8
AABBCcddeeFFGG, x*(1+y)^5
AABBCcddeeFFGg, x*(1+y)^6
AABBCcddeeFFgg, x*(1+y)^7
AABBCcddeeFfGG, x*(1+y)^6
AABBCcddeeFfGg, x*(1+y)^7
AABBCcddeeFfgg, x*(1+y)^8
AABBCcddeeffGG, x*(1+y)^7
AABBCcddeeffGg, x*(1+y)^8
AABBCcddeeffgg, x*(1+y)^9
AABBccDDEEFFGG, x*(1+y)^2
AABBccDDEEFFGg, x*(1+y)^3
AABBccDDEEFFgg, x*(1+y)^4
AABBccDDEEFfGG, x*(1+y)^3
AABBccDDEEFfGg, x*(1+y)^4
AABBccDDEEFfgg, x*(1+y)^5
AABBccDDEEffGG, x*(1+y)^4
AABBccDDEEffGg, x*(1+y)^5
AABBccDDEEffgg, x*(1+y)^6
AABBccDDEeFFGG, x*(1+y)^3
AABBccDDEeFFGg, x*(1+y)^4
AABBccDDEeFFgg, x*(1+y)^5
AABBccDDEeFfGG, x*(1+y)^4
AABBccDDEeFfGg, x*(1+y)^5
AABBccDDEeFfgg, x*(1+y)^6
AABBccDDEeffGG, x*(1+y)^5
AABBccDDEeffGg, x*(1+y)^6
AABBccDDEeffgg, x*(1+y)^7
AABBccDDeeFFGG, x*(1+y)^4
AABBccDDeeFFGg, x*(1+y)^5
AABBccDDeeFFgg, x*(1+y)^6
AABBccDDeeFfGG, x*(1+y)^5
AABBccDDeeFfGg, x*(1+y)^6
AABBccDDeeFfgg, x*(1+y)^7
AABBccDDeeffGG, x*(1+y)^6
AABBccDDeeffGg, x*(1+y)^7
AABBccDDeeffgg, x*(1+y)^8
AABBccDdEEFFGG, x*(1+y)^3
AABBccDdEEFFGg, x*(1+y)^4
AABBccDdEEFFgg, x*(1+y)^5
AABBccDdEEFfGG, x*(1+y)^4
AABBccDdEEFfGg, x*(1+y)^5
AABBccDdEEFfgg, x*(1+y)^6
AABBccDdEEffGG, x*(1+y)^5
AABBccDdEEffGg, x*(1+y)^6
AABBccDdEEffgg, x*(1+y)^7
AABBccDdEeFFGG, x*(1+y)^4
AABBccDdEeFFGg, x*(1+y)^5
AABBccDdEeFFgg, x*(1+y)^6
AABBccDdEeFfGG, x*(1+y)^5
AABBccDdEeFfGg, x*(1+y)^6
AABBccDdEeFfgg, x*(1+y)^7
AABBccDdEeffGG, x*(1+y)^6
AABBccDdEeffGg, x*(1+y)^7
AABBccDdEeffgg, x*(1+y)^8
AABBccDdeeFFGG, x*(1+y)^5
AABBccDdeeFFGg, x*(1+y)^6
AABBccDdeeFFgg, x*(1+y)^7
AABBccDdeeFfGG, x*(1+y)^6
AABBccDdeeFfGg, x*(1+y)^7
AABBccDdeeFfgg, x*(1+y)^8
AABBccDdeeffGG, x*(1+y)^7
AABBccDdeeffGg, x*(1+y)^8
AABBccDdeeffgg, x*(1+y)^9
AABBccddEEFFGG, x*(1+y)^4
AABBccddEEFFGg, x*(1+y)^5
AABBccddEEFFgg, x*(1+y)^6
AABBccddEEFfGG, x*(1+y)^5
AABBccddEEFfGg, x*(1+y)^6
AABBccddEEFfgg, x*(1+y)^7
AABBccddEEffGG, x*(1+y)^6
AABBccddEEffGg, x*(1+y)^7
AABBccddEEffgg, x*(1+y)^8
AABBccddEeFFGG, x*(1+y)^5
AABBccddEeFFGg, x*(1+y)^6
AABBccddEeFFgg, x*(1+y)^7
AABBccddEeFfGG, x*(1+y)^6
AABBccddEeFfGg, x*(1+y)^7
AABBccddEeFfgg, x*(1+y)^8
AABBccddEeffGG, x*(1+y)^7
AABBccddEeffGg, x*(1+y)^8
AABBccddEeffgg, x*(1+y)^9
AABBccddeeFFGG, x*(1+y)^6
AABBccddeeFFGg, x*(1+y)^7
AABBccddeeFFgg, x*(1+y)^8
AABBccddeeFfGG, x*(1+y)^7
AABBccddeeFfGg, x*(1+y)^8
AABBccddeeFfgg, x*(1+y)^9
AABBccddeeffGG, x*(1+y)^8
AABBccddeeffGg, x*(1+y)^9
AABBccddeeffgg, x*(1+y)^10
AABbCCDDEEFFGG, x*(1+y)
AABbCCDDEEFFGg, x*(1+y)^2
AABbCCDDEEFFgg, x*(1+y)^3
AABbCCDDEEFfGG, x*(1+y)^2
AABbCCDDEEFfGg, x*(1+y)^3
AABbCCDDEEFfgg, x*(1+y)^4
AABbCCDDEEffGG, x*(1+y)^3
AABbCCDDEEffGg, x*(1+y)^4
AABbCCDDEEffgg, x*(1+y)^5
AABbCCDDEeFFGG, x*(1+y)^2
AABbCCDDEeFFGg, x*(1+y)^3
AABbCCDDEeFFgg, x*(1+y)^4
AABbCCDDEeFfGG, x*(1+y)^3
AABbCCDDEeFfGg, x*(1+y)^4
AABbCCDDEeFfgg, x*(1+y)^5
AABbCCDDEeffGG, x*(1+y)^4
AABbCCDDEeffGg, x*(1+y)^5
AABbCCDDEeffgg, x*(1+y)^6
AABbCCDDeeFFGG, x*(1+y)^3
AABbCCDDeeFFGg, x*(1+y)^4
AABbCCDDeeFFgg, x*(1+y)^5
AABbCCDDeeFfGG, x*(1+y)^4
AABbCCDDeeFfGg, x*(1+y)^5
AABbCCDDeeFfgg, x*(1+y)^6
AABbCCDDeeffGG, x*(1+y)^5
AABbCCDDeeffGg, x*(1+y)^6
AABbCCDDeeffgg, x*(1+y)^7
AABbCCDdEEFFGG, x*(1+y)^2
AABbCCDdEEFFGg, x*(1+y)^3
AABbCCDdEEFFgg, x*(1+y)^4
AABbCCDdEEFfGG, x*(1+y)^3
AABbCCDdEEFfGg, x*(1+y)^4
AABbCCDdEEFfgg, x*(1+y)^5
AABbCCDdEEffGG, x*(1+y)^4
AABbCCDdEEffGg, x*(1+y)^5
AABbCCDdEEffgg, x*(1+y)^6
AABbCCDdEeFFGG, x*(1+y)^3
AABbCCDdEeFFGg, x*(1+y)^4
AABbCCDdEeFFgg, x*(1+y)^5
AABbCCDdEeFfGG, x*(1+y)^4
AABbCCDdEeFfGg, x*(1+y)^5
AABbCCDdEeFfgg, x*(1+y)^6
AABbCCDdEeffGG, x*(1+y)^5
AABbCCDdEeffGg, x*(1+y)^6
AABbCCDdEeffgg, x*(1+y)^7
AABbCCDdeeFFGG, x*(1+y)^4
AABbCCDdeeFFGg, x*(1+y)^5
AABbCCDdeeFFgg, x*(1+y)^6
AABbCCDdeeFfGG, x*(1+y)^5
AABbCCDdeeFfGg, x*(1+y)^6
AABbCCDdeeFfgg, x*(1+y)^7
AABbCCDdeeffGG, x*(1+y)^6
AABbCCDdeeffGg, x*(1+y)^7
AABbCCDdeeffgg, x*(1+y)^8
AABbCCddEEFFGG, x*(1+y)^3
AABbCCddEEFFGg, x*(1+y)^4
AABbCCddEEFFgg, x*(1+y)^5
AABbCCddEEFfGG, x*(1+y)^4
AABbCCddEEFfGg, x*(1+y)^5
AABbCCddEEFfgg, x*(1+y)^6
AABbCCddEEffGG, x*(1+y)^5
AABbCCddEEffGg, x*(1+y)^6
AABbCCddEEffgg, x*(1+y)^7
AABbCCddEeFFGG, x*(1+y)^4
AABbCCddEeFFGg, x*(1+y)^5
AABbCCddEeFFgg, x*(1+y)^6
AABbCCddEeFfGG, x*(1+y)^5
AABbCCddEeFfGg, x*(1+y)^6
AABbCCddEeFfgg, x*(1+y)^7
AABbCCddEeffGG, x*(1+y)^6
AABbCCddEeffGg, x*(1+y)^7
AABbCCddEeffgg, x*(1+y)^8
AABbCCddeeFFGG, x*(1+y)^5
AABbCCddeeFFGg, x*(1+y)^6
AABbCCddeeFFgg, x*(1+y)^7
AABbCCddeeFfGG, x*(1+y)^6
AABbCCddeeFfGg, x*(1+y)^7
AABbCCddeeFfgg, x*(1+y)^8
AABbCCddeeffGG, x*(1+y)^7
AABbCCddeeffGg, x*(1+y)^8
AABbCCddeeffgg, x*(1+y)^9
AABbCcDDEEFFGG, x*(1+y)^2
AABbCcDDEEFFGg, x*(1+y)^3
AABbCcDDEEFFgg, x*(1+y)^4
AABbCcDDEEFfGG, x*(1+y)^3
AABbCcDDEEFfGg, x*(1+y)^4
AABbCcDDEEFfgg, x*(1+y)^5
AABbCcDDEEffGG, x*(1+y)^4
AABbCcDDEEffGg, x*(1+y)^5
AABbCcDDEEffgg, x*(1+y)^6
AABbCcDDEeFFGG, x*(1+y)^3
AABbCcDDEeFFGg, x*(1+y)^4
AABbCcDDEeFFgg, x*(1+y)^5
AABbCcDDEeFfGG, x*(1+y)^4
AABbCcDDEeFfGg, x*(1+y)^5
AABbCcDDEeFfgg, x*(1+y)^6
AABbCcDDEeffGG, x*(1+y)^5
AABbCcDDEeffGg, x*(1+y)^6
AABbCcDDEeffgg, x*(1+y)^7
AABbCcDDeeFFGG, x*(1+y)^4
AABbCcDDeeFFGg, x*(1+y)^5
AABbCcDDeeFFgg, x*(1+y)^6
AABbCcDDeeFfGG, x*(1+y)^5
AABbCcDDeeFfGg, x*(1+y)^6
AABbCcDDeeFfgg, x*(1+y)^7
AABbCcDDeeffGG, x*(1+y)^6
AABbCcDDeeffGg, x*(1+y)^7
AABbCcDDeeffgg, x*(1+y)^8
AABbCcDdEEFFGG, x*(1+y)^3
AABbCcDdEEFFGg, x*(1+y)^4
AABbCcDdEEFFgg, x*(1+y)^5
AABbCcDdEEFfGG, x*(1+y)^4
AABbCcDdEEFfGg, x*(1+y)^5
AABbCcDdEEFfgg, x*(1+y)^6
AABbCcDdEEffGG, x*(1+y)^5
AABbCcDdEEffGg, x*(1+y)^6
AABbCcDdEEffgg, x*(1+y)^7
AABbCcDdEeFFGG, x*(1+y)^4
AABbCcDdEeFFGg, x*(1+y)^5
AABbCcDdEeFFgg, x*(1+y)^6
AABbCcDdEeFfGG, x*(1+y)^5
AABbCcDdEeFfGg, x*(1+y)^6
AABbCcDdEeFfgg, x*(1+y)^7
AABbCcDdEeffGG, x*(1+y)^6
AABbCcDdEeffGg, x*(1+y)^7
AABbCcDdEeffgg, x*(1+y)^8
AABbCcDdeeFFGG, x*(1+y)^5
AABbCcDdeeFFGg, x*(1+y)^6
AABbCcDdeeFFgg, x*(1+y)^7
AABbCcDdeeFfGG, x*(1+y)^6
AABbCcDdeeFfGg, x*(1+y)^7
AABbCcDdeeFfgg, x*(1+y)^8
AABbCcDdeeffGG, x*(1+y)^7
AABbCcDdeeffGg, x*(1+y)^8
AABbCcDdeeffgg, x*(1+y)^9
AABbCcddEEFFGG, x*(1+y)^4
AABbCcddEEFFGg, x*(1+y)^5
AABbCcddEEFFgg, x*(1+y)^6
AABbCcddEEFfGG, x*(1+y)^5
AABbCcddEEFfGg, x*(1+y)^6
AABbCcddEEFfgg, x*(1+y)^7
AABbCcddEEffGG, x*(1+y)^6
AABbCcddEEffGg, x*(1+y)^7
AABbCcddEEffgg, x*(1+y)^8
AABbCcddEeFFGG, x*(1+y)^5
AABbCcddEeFFGg, x*(1+y)^6
AABbCcddEeFFgg, x*(1+y)^7
AABbCcddEeFfGG, x*(1+y)^6
AABbCcddEeFfGg, x*(1+y)^7
AABbCcddEeFfgg, x*(1+y)^8
AABbCcddEeffGG, x*(1+y)^7
AABbCcddEeffGg, x*(1+y)^8
AABbCcddEeffgg, x*(1+y)^9
AABbCcddeeFFGG, x*(1+y)^6
AABbCcddeeFFGg, x*(1+y)^7
AABbCcddeeFFgg, x*(1+y)^8
AABbCcddeeFfGG, x*(1+y)^7
AABbCcddeeFfGg, x*(1+y)^8
AABbCcddeeFfgg, x*(1+y)^9
AABbCcddeeffGG, x*(1+y)^8
AABbCcddeeffGg, x*(1+y)^9
AABbCcddeeffgg, x*(1+y)^10
AABbccDDEEFFGG, x*(1+y)^3
AABbccDDEEFFGg, x*(1+y)^4
AABbccDDEEFFgg, x*(1+y)^5
AABbccDDEEFfGG, x*(1+y)^4
AABbccDDEEFfGg, x*(1+y)^5
AABbccDDEEFfgg, x*(1+y)^6
AABbccDDEEffGG, x*(1+y)^5
AABbccDDEEffGg, x*(1+y)^6
AABbccDDEEffgg, x*(1+y)^7
AABbccDDEeFFGG, x*(1+y)^4
AABbccDDEeFFGg, x*(1+y)^5
AABbccDDEeFFgg, x*(1+y)^6
AABbccDDEeFfGG, x*(1+y)^5
AABbccDDEeFfGg, x*(1+y)^6
AABbccDDEeFfgg, x*(1+y)^7
AABbccDDEeffGG, x*(1+y)^6
AABbccDDEeffGg, x*(1+y)^7
AABbccDDEeffgg, x*(1+y)^8
AABbccDDeeFFGG, x*(1+y)^5
AABbccDDeeFFGg, x*(1+y)^6
AABbccDDeeFFgg, x*(1+y)^7
AABbccDDeeFfGG, x*(1+y)^6
AABbccDDeeFfGg, x*(1+y)^7
AABbccDDeeFfgg, x*(1+y)^8
AABbccDDeeffGG, x*(1+y)^7
AABbccDDeeffGg, x*(1+y)^8
AABbccDDeeffgg, x*(1+y)^9
AABbccDdEEFFGG, x*(1+y)^4
AABbccDdEEFFGg, x*(1+y)^5
AABbccDdEEFFgg, x*(1+y)^6
AABbccDdEEFfGG, x*(1+y)^5
AABbccDdEEFfGg, x*(1+y)^6
AABbccDdEEFfgg, x*(1+y)^7
AABbccDdEEffGG, x*(1+y)^6
AABbccDdEEffGg, x*(1+y)^7
AABbccDdEEffgg, x*(1+y)^8
AABbccDdEeFFGG, x*(1+y)^5
AABbccDdEeFFGg, x*(1+y)^6
AABbccDdEeFFgg, x*(1+y)^7
AABbccDdEeFfGG, x*(1+y)^6
AABbccDdEeFfGg, x*(1+y)^7
AABbccDdEeFfgg, x*(1+y)^8
AABbccDdEeffGG, x*(1+y)^7
AABbccDdEeffGg, x*(1+y)^8
AABbccDdEeffgg, x*(1+y)^9
AABbccDdeeFFGG, x*(1+y)^6
AABbccDdeeFFGg, x*(1+y)^7
AABbccDdeeFFgg, x*(1+y)^8
AABbccDdeeFfGG, x*(1+y)^7
AABbccDdeeFfGg, x*(1+y)^8
AABbccDdeeFfgg, x*(1+y)^9
AABbccDdeeffGG, x*(1+y)^8
AABbccDdeeffGg, x*(1+y)^9
AABbccDdeeffgg, x*(1+y)^10
AABbccddEEFFGG, x*(1+y)^5
AABbccddEEFFGg, x*(1+y)^6
AABbccddEEFFgg, x*(1+y)^7
AABbccddEEFfGG, x*(1+y)^6
AABbccddEEFfGg, x*(1+y)^7
AABbccddEEFfgg, x*(1+y)^8
AABbccddEEffGG, x*(1+y)^7
AABbccddEEffGg, x*(1+y)^8
AABbccddEEffgg, x*(1+y)^9
AABbccddEeFFGG, x*(1+y)^6
AABbccddEeFFGg, x*(1+y)^7
AABbccddEeFFgg, x*(1+y)^8
AABbccddEeFfGG, x*(1+y)^7
AABbccddEeFfGg, x*(1+y)^8
AABbccddEeFfgg, x*(1+y)^9
AABbccddEeffGG, x*(1+y)^8
AABbccddEeffGg, x*(1+y)^9
AABbccddEeffgg, x*(1+y)^10
AABbccddeeFFGG, x*(1+y)^7
AABbccddeeFFGg, x*(1+y)^8
AABbccddeeFFgg, x*(1+y)^9
AABbccddeeFfGG, x*(1+y)^8
AABbccddeeFfGg, x*(1+y)^9
AABbccddeeFfgg, x*(1+y)^10
AABbccddeeffGG, x*(1+y)^9
AABbccddeeffGg, x*(1+y)^10
AABbccddeeffgg, x*(1+y)^11
AAbbCCDDEEFFGG, x*(1+y)^2
AAbbCCDDEEFFGg, x*(1+y)^3
AAbbCCDDEEFFgg, x*(1+y)^4
AAbbCCDDEEFfGG, x*(1+y)^3
AAbbCCDDEEFfGg, x*(1+y)^4
AAbbCCDDEEFfgg, x*(1+y)^5
AAbbCCDDEEffGG, x*(1+y)^4
AAbbCCDDEEffGg, x*(1+y)^5
AAbbCCDDEEffgg, x*(1+y)^6
AAbbCCDDEeFFGG, x*(1+y)^3
AAbbCCDDEeFFGg, x*(1+y)^4
AAbbCCDDEeFFgg, x*(1+y)^5
AAbbCCDDEeFfGG, x*(1+y)^4
AAbbCCDDEeFfGg, x*(1+y)^5
AAbbCCDDEeFfgg, x*(1+y)^6
AAbbCCDDEeffGG, x*(1+y)^5
AAbbCCDDEeffGg, x*(1+y)^6
AAbbCCDDEeffgg, x*(1+y)^7
AAbbCCDDeeFFGG, x*(1+y)^4
AAbbCCDDeeFFGg, x*(1+y)^5
AAbbCCDDeeFFgg, x*(1+y)^6
AAbbCCDDeeFfGG, x*(1+y)^5
AAbbCCDDeeFfGg, x*(1+y)^6
AAbbCCDDeeFfgg, x*(1+y)^7
AAbbCCDDeeffGG, x*(1+y)^6
AAbbCCDDeeffGg, x*(1+y)^7
AAbbCCDDeeffgg, x*(1+y)^8
AAbbCCDdEEFFGG, x*(1+y)^3
AAbbCCDdEEFFGg, x*(1+y)^4
AAbbCCDdEEFFgg, x*(1+y)^5
AAbbCCDdEEFfGG, x*(1+y)^4
AAbbCCDdEEFfGg, x*(1+y)^5
AAbbCCDdEEFfgg, x*(1+y)^6
AAbbCCDdEEffGG, x*(1+y)^5
AAbbCCDdEEffGg, x*(1+y)^6
AAbbCCDdEEffgg, x*(1+y)^7
AAbbCCDdEeFFGG, x*(1+y)^4
AAbbCCDdEeFFGg, x*(1+y)^5
AAbbCCDdEeFFgg, x*(1+y)^6
AAbbCCDdEeFfGG, x*(1+y)^5
AAbbCCDdEeFfGg, x*(1+y)^6
AAbbCCDdEeFfgg, x*(1+y)^7
AAbbCCDdEeffGG, x*(1+y)^6
AAbbCCDdEeffGg, x*(1+y)^7
AAbbCCDdEeffgg, x*(1+y)^8
AAbbCCDdeeFFGG, x*(1+y)^5
AAbbCCDdeeFFGg, x*(1+y)^6
AAbbCCDdeeFFgg, x*(1+y)^7
AAbbCCDdeeFfGG, x*(1+y)^6
AAbbCCDdeeFfGg, x*(1+y)^7
AAbbCCDdeeFfgg, x*(1+y)^8
AAbbCCDdeeffGG, x*(1+y)^7
AAbbCCDdeeffGg, x*(1+y)^8
AAbbCCDdeeffgg, x*(1+y)^9
AAbbCCddEEFFGG, x*(1+y)^4
AAbbCCddEEFFGg, x*(1+y)^5
AAbbCCddEEFFgg, x*(1+y)^6
AAbbCCddEEFfGG, x*(1+y)^5
AAbbCCddEEFfGg, x*(1+y)^6
AAbbCCddEEFfgg, x*(1+y)^7
AAbbCCddEEffGG, x*(1+y)^6
AAbbCCddEEffGg, x*(1+y)^7
AAbbCCddEEffgg, x*(1+y)^8
AAbbCCddEeFFGG, x*(1+y)^5
AAbbCCddEeFFGg, x*(1+y)^6
AAbbCCddEeFFgg, x*(1+y)^7
AAbbCCddEeFfGG, x*(1+y)^6
AAbbCCddEeFfGg, x*(1+y)^7
AAbbCCddEeFfgg, x*(1+y)^8
AAbbCCddEeffGG, x*(1+y)^7
AAbbCCddEeffGg, x*(1+y)^8
AAbbCCddEeffgg, x*(1+y)^9
AAbbCCddeeFFGG, x*(1+y)^6
AAbbCCddeeFFGg, x*(1+y)^7
AAbbCCddeeFFgg, x*(1+y)^8
AAbbCCddeeFfGG, x*(1+y)^7
AAbbCCddeeFfGg, x*(1+y)^8
AAbbCCddeeFfgg, x*(1+y)^9
AAbbCCddeeffGG, x*(1+y)^8
AAbbCCddeeffGg, x*(1+y)^9
AAbbCCddeeffgg, x*(1+y)^10
AAbbCcDDEEFFGG, x*(1+y)^3
AAbbCcDDEEFFGg, x*(1+y)^4
AAbbCcDDEEFFgg, x*(1+y)^5
AAbbCcDDEEFfGG, x*(1+y)^4
AAbbCcDDEEFfGg, x*(1+y)^5
AAbbCcDDEEFfgg, x*(1+y)^6
AAbbCcDDEEffGG, x*(1+y)^5
AAbbCcDDEEffGg, x*(1+y)^6
AAbbCcDDEEffgg, x*(1+y)^7
AAbbCcDDEeFFGG, x*(1+y)^4
AAbbCcDDEeFFGg, x*(1+y)^5
AAbbCcDDEeFFgg, x*(1+y)^6
AAbbCcDDEeFfGG, x*(1+y)^5
AAbbCcDDEeFfGg, x*(1+y)^6
AAbbCcDDEeFfgg, x*(1+y)^7
AAbbCcDDEeffGG, x*(1+y)^6
AAbbCcDDEeffGg, x*(1+y)^7
AAbbCcDDEeffgg, x*(1+y)^8
AAbbCcDDeeFFGG, x*(1+y)^5
AAbbCcDDeeFFGg, x*(1+y)^6
AAbbCcDDeeFFgg, x*(1+y)^7
AAbbCcDDeeFfGG, x*(1+y)^6
AAbbCcDDeeFfGg, x*(1+y)^7
AAbbCcDDeeFfgg, x*(1+y)^8
AAbbCcDDeeffGG, x*(1+y)^7
AAbbCcDDeeffGg, x*(1+y)^8
AAbbCcDDeeffgg, x*(1+y)^9
AAbbCcDdEEFFGG, x*(1+y)^4
AAbbCcDdEEFFGg, x*(1+y)^5
AAbbCcDdEEFFgg, x*(1+y)^6
AAbbCcDdEEFfGG, x*(1+y)^5
AAbbCcDdEEFfGg, x*(1+y)^6
AAbbCcDdEEFfgg, x*(1+y)^7
AAbbCcDdEEffGG, x*(1+y)^6
AAbbCcDdEEffGg, x*(1+y)^7
AAbbCcDdEEffgg, x*(1+y)^8
AAbbCcDdEeFFGG, x*(1+y)^5
AAbbCcDdEeFFGg, x*(1+y)^6
AAbbCcDdEeFFgg, x*(1+y)^7
AAbbCcDdEeFfGG, x*(1+y)^6
AAbbCcDdEeFfGg, x*(1+y)^7
AAbbCcDdEeFfgg, x*(1+y)^8
AAbbCcDdEeffGG, x*(1+y)^7
AAbbCcDdEeffGg, x*(1+y)^8
AAbbCcDdEeffgg, x*(1+y)^9
AAbbCcDdeeFFGG, x*(1+y)^6
AAbbCcDdeeFFGg, x*(1+y)^7
AAbbCcDdeeFFgg, x*(1+y)^8
AAbbCcDdeeFfGG, x*(1+y)^7
AAbbCcDdeeFfGg, x*(1+y)^8
AAbbCcDdeeFfgg, x*(1+y)^9
AAbbCcDdeeffGG, x*(1+y)^8
AAbbCcDdeeffGg, x*(1+y)^9
AAbbCcDdeeffgg, x*(1+y)^10
AAbbCcddEEFFGG, x*(1+y)^5
AAbbCcddEEFFGg, x*(1+y)^6
AAbbCcddEEFFgg, x*(1+y)^7
AAbbCcddEEFfGG, x*(1+y)^6
AAbbCcddEEFfGg, x*(1+y)^7
AAbbCcddEEFfgg, x*(1+y)^8
AAbbCcddEEffGG, x*(1+y)^7
AAbbCcddEEffGg, x*(1+y)^8
AAbbCcddEEffgg, x*(1+y)^9
AAbbCcddEeFFGG, x*(1+y)^6
AAbbCcddEeFFGg, x*(1+y)^7
AAbbCcddEeFFgg, x*(1+y)^8
AAbbCcddEeFfGG, x*(1+y)^7
AAbbCcddEeFfGg, x*(1+y)^8
AAbbCcddEeFfgg, x*(1+y)^9
AAbbCcddEeffGG, x*(1+y)^8
AAbbCcddEeffGg, x*(1+y)^9
AAbbCcddEeffgg, x*(1+y)^10
AAbbCcddeeFFGG, x*(1+y)^7
AAbbCcddeeFFGg, x*(1+y)^8
AAbbCcddeeFFgg, x*(1+y)^9
AAbbCcddeeFfGG, x*(1+y)^8
AAbbCcddeeFfGg, x*(1+y)^9
AAbbCcddeeFfgg, x*(1+y)^10
AAbbCcddeeffGG, x*(1+y)^9
AAbbCcddeeffGg, x*(1+y)^10
AAbbCcddeeffgg, x*(1+y)^11
AAbbccDDEEFFGG, x*(1+y)^4
AAbbccDDEEFFGg, x*(1+y)^5
AAbbccDDEEFFgg, x*(1+y)^6
AAbbccDDEEFfGG, x*(1+y)^5
AAbbccDDEEFfGg, x*(1+y)^6
AAbbccDDEEFfgg, x*(1+y)^7
AAbbccDDEEffGG, x*(1+y)^6
AAbbccDDEEffGg, x*(1+y)^7
AAbbccDDEEffgg, x*(1+y)^8
AAbbccDDEeFFGG, x*(1+y)^5
AAbbccDDEeFFGg, x*(1+y)^6
AAbbccDDEeFFgg, x*(1+y)^7
AAbbccDDEeFfGG, x*(1+y)^6
AAbbccDDEeFfGg, x*(1+y)^7
AAbbccDDEeFfgg, x*(1+y)^8
AAbbccDDEeffGG, x*(1+y)^7
AAbbccDDEeffGg, x*(1+y)^8
AAbbccDDEeffgg, x*(1+y)^9
AAbbccDDeeFFGG, x*(1+y)^6
AAbbccDDeeFFGg, x*(1+y)^7
AAbbccDDeeFFgg, x*(1+y)^8
AAbbccDDeeFfGG, x*(1+y)^7
AAbbccDDeeFfGg, x*(1+y)^8
AAbbccDDeeFfgg, x*(1+y)^9
AAbbccDDeeffGG, x*(1+y)^8
AAbbccDDeeffGg, x*(1+y)^9
AAbbccDDeeffgg, x*(1+y)^10
AAbbccDdEEFFGG, x*(1+y)^5
AAbbccDdEEFFGg, x*(1+y)^6
AAbbccDdEEFFgg, x*(1+y)^7
AAbbccDdEEFfGG, x*(1+y)^6
AAbbccDdEEFfGg, x*(1+y)^7
AAbbccDdEEFfgg, x*(1+y)^8
AAbbccDdEEffGG, x*(1+y)^7
AAbbccDdEEffGg, x*(1+y)^8
AAbbccDdEEffgg, x*(1+y)^9
AAbbccDdEeFFGG, x*(1+y)^6
AAbbccDdEeFFGg, x*(1+y)^7
AAbbccDdEeFFgg, x*(1+y)^8
AAbbccDdEeFfGG, x*(1+y)^7
AAbbccDdEeFfGg, x*(1+y)^8
AAbbccDdEeFfgg, x*(1+y)^9
AAbbccDdEeffGG, x*(1+y)^8
AAbbccDdEeffGg, x*(1+y)^9
AAbbccDdEeffgg, x*(1+y)^10
AAbbccDdeeFFGG, x*(1+y)^7
AAbbccDdeeFFGg, x*(1+y)^8
AAbbccDdeeFFgg, x*(1+y)^9
AAbbccDdeeFfGG, x*(1+y)^8
AAbbccDdeeFfGg, x*(1+y)^9
AAbbccDdeeFfgg, x*(1+y)^10
AAbbccDdeeffGG, x*(1+y)^9
AAbbccDdeeffGg, x*(1+y)^10
AAbbccDdeeffgg, x*(1+y)^11
AAbbccddEEFFGG, x*(1+y)^6
AAbbccddEEFFGg, x*(1+y)^7
AAbbccddEEFFgg, x*(1+y)^8
AAbbccddEEFfGG, x*(1+y)^7
AAbbccddEEFfGg, x*(1+y)^8
AAbbccddEEFfgg, x*(1+y)^9
AAbbccddEEffGG, x*(1+y)^8
AAbbccddEEffGg, x*(1+y)^9
AAbbccddEEffgg, x*(1+y)^10
AAbbccddEeFFGG, x*(1+y)^7
AAbbccddEeFFGg, x*(1+y)^8
AAbbccddEeFFgg, x*(1+y)^9
AAbbccddEeFfGG, x*(1+y)^8
AAbbccddEeFfGg, x*(1+y)^9
AAbbccddEeFfgg, x*(1+y)^10
AAbbccddEeffGG, x*(1+y)^9
AAbbccddEeffGg, x*(1+y)^10
AAbbccddEeffgg, x*(1+y)^11
AAbbccddeeFFGG, x*(1+y)^8
AAbbccddeeFFGg, x*(1+y)^9
AAbbccddeeFFgg, x*(1+y)^10
AAbbccddeeFfGG, x*(1+y)^9
AAbbccddeeFfGg, x*(1+y)^10
AAbbccddeeFfgg, x*(1+y)^11
AAbbccddeeffGG, x*(1+y)^10
AAbbccddeeffGg, x*(1+y)^11
AAbbccddeeffgg, x*(1+y)^12
AaBBCCDDEEFFGG, x*(1+y)
AaBBCCDDEEFFGg, x*(1+y)^2
AaBBCCDDEEFFgg, x*(1+y)^3
AaBBCCDDEEFfGG, x*(1+y)^2
AaBBCCDDEEFfGg, x*(1+y)^3
AaBBCCDDEEFfgg, x*(1+y)^4
AaBBCCDDEEffGG, x*(1+y)^3
AaBBCCDDEEffGg, x*(1+y)^4
AaBBCCDDEEffgg, x*(1+y)^5
AaBBCCDDEeFFGG, x*(1+y)^2
AaBBCCDDEeFFGg, x*(1+y)^3
AaBBCCDDEeFFgg, x*(1+y)^4
AaBBCCDDEeFfGG, x*(1+y)^3
AaBBCCDDEeFfGg, x*(1+y)^4
AaBBCCDDEeFfgg, x*(1+y)^5
AaBBCCDDEeffGG, x*(1+y)^4
AaBBCCDDEeffGg, x*(1+y)^5
AaBBCCDDEeffgg, x*(1+y)^6
AaBBCCDDeeFFGG, x*(1+y)^3
AaBBCCDDeeFFGg, x*(1+y)^4
AaBBCCDDeeFFgg, x*(1+y)^5
AaBBCCDDeeFfGG, x*(1+y)^4
AaBBCCDDeeFfGg, x*(1+y)^5
AaBBCCDDeeFfgg, x*(1+y)^6
AaBBCCDDeeffGG, x*(1+y)^5
AaBBCCDDeeffGg, x*(1+y)^6
AaBBCCDDeeffgg, x*(1+y)^7
AaBBCCDdEEFFGG, x*(1+y)^2
AaBBCCDdEEFFGg, x*(1+y)^3
AaBBCCDdEEFFgg, x*(1+y)^4
AaBBCCDdEEFfGG, x*(1+y)^3
AaBBCCDdEEFfGg, x*(1+y)^4
AaBBCCDdEEFfgg, x*(1+y)^5
AaBBCCDdEEffGG, x*(1+y)^4
AaBBCCDdEEffGg, x*(1+y)^5
AaBBCCDdEEffgg, x*(1+y)^6
AaBBCCDdEeFFGG, x*(1+y)^3
AaBBCCDdEeFFGg, x*(1+y)^4
AaBBCCDdEeFFgg, x*(1+y)^5
AaBBCCDdEeFfGG, x*(1+y)^4
AaBBCCDdEeFfGg, x*(1+y)^5
AaBBCCDdEeFfgg, x*(1+y)^6
AaBBCCDdEeffGG, x*(1+y)^5
AaBBCCDdEeffGg, x*(1+y)^6
AaBBCCDdEeffgg, x*(1+y)^7
AaBBCCDdeeFFGG, x*(1+y)^4
AaBBCCDdeeFFGg, x*(1+y)^5
AaBBCCDdeeFFgg, x*(1+y)^6
AaBBCCDdeeFfGG, x*(1+y)^5
AaBBCCDdeeFfGg, x*(1+y)^6
AaBBCCDdeeFfgg, x*(1+y)^7
AaBBCCDdeeffGG, x*(1+y)^6
AaBBCCDdeeffGg, x*(1+y)^7
AaBBCCDdeeffgg, x*(1+y)^8
AaBBCCddEEFFGG, x*(1+y)^3
AaBBCCddEEFFGg, x*(1+y)^4
AaBBCCddEEFFgg, x*(1+y)^5
AaBBCCddEEFfGG, x*(1+y)^4
AaBBCCddEEFfGg, x*(1+y)^5
AaBBCCddEEFfgg, x*(1+y)^6
AaBBCCddEEffGG, x*(1+y)^5
AaBBCCddEEffGg, x*(1+y)^6
AaBBCCddEEffgg, x*(1+y)^7
AaBBCCddEeFFGG, x*(1+y)^4
AaBBCCddEeFFGg, x*(1+y)^5
AaBBCCddEeFFgg, x*(1+y)^6
AaBBCCddEeFfGG, x*(1+y)^5
AaBBCCddEeFfGg, x*(1+y)^6
AaBBCCddEeFfgg, x*(1+y)^7
AaBBCCddEeffGG, x*(1+y)^6
AaBBCCddEeffGg, x*(1+y)^7
AaBBCCddEeffgg, x*(1+y)^8
AaBBCCddeeFFGG, x*(1+y)^5
AaBBCCddeeFFGg, x*(1+y)^6
AaBBCCddeeFFgg, x*(1+y)^7
AaBBCCddeeFfGG, x*(1+y)^6
AaBBCCddeeFfGg, x*(1+y)^7
AaBBCCddeeFfgg, x*(1+y)^8
AaBBCCddeeffGG, x*(1+y)^7
AaBBCCddeeffGg, x*(1+y)^8
AaBBCCddeeffgg, x*(1+y)^9
AaBBCcDDEEFFGG, x*(1+y)^2
AaBBCcDDEEFFGg, x*(1+y)^3
AaBBCcDDEEFFgg, x*(1+y)^4
AaBBCcDDEEFfGG, x*(1+y)^3
AaBBCcDDEEFfGg, x*(1+y)^4
AaBBCcDDEEFfgg, x*(1+y)^5
AaBBCcDDEEffGG, x*(1+y)^4
AaBBCcDDEEffGg, x*(1+y)^5
AaBBCcDDEEffgg, x*(1+y)^6
AaBBCcDDEeFFGG, x*(1+y)^3
AaBBCcDDEeFFGg, x*(1+y)^4
AaBBCcDDEeFFgg, x*(1+y)^5
AaBBCcDDEeFfGG, x*(1+y)^4
AaBBCcDDEeFfGg, x*(1+y)^5
AaBBCcDDEeFfgg, x*(1+y)^6
AaBBCcDDEeffGG, x*(1+y)^5
AaBBCcDDEeffGg, x*(1+y)^6
AaBBCcDDEeffgg, x*(1+y)^7
AaBBCcDDeeFFGG, x*(1+y)^4
AaBBCcDDeeFFGg, x*(1+y)^5
AaBBCcDDeeFFgg, x*(1+y)^6
AaBBCcDDeeFfGG, x*(1+y)^5
AaBBCcDDeeFfGg, x*(1+y)^6
AaBBCcDDeeFfgg, x*(1+y)^7
AaBBCcDDeeffGG, x*(1+y)^6
AaBBCcDDeeffGg, x*(1+y)^7
AaBBCcDDeeffgg, x*(1+y)^8
AaBBCcDdEEFFGG, x*(1+y)^3
AaBBCcDdEEFFGg, x*(1+y)^4
AaBBCcDdEEFFgg, x*(1+y)^5
AaBBCcDdEEFfGG, x*(1+y)^4
AaBBCcDdEEFfGg, x*(1+y)^5
AaBBCcDdEEFfgg, x*(1+y)^6
AaBBCcDdEEffGG, x*(1+y)^5
AaBBCcDdEEffGg, x*(1+y)^6
AaBBCcDdEEffgg, x*(1+y)^7
AaBBCcDdEeFFGG, x*(1+y)^4
AaBBCcDdEeFFGg, x*(1+y)^5
AaBBCcDdEeFFgg, x*(1+y)^6
AaBBCcDdEeFfGG, x*(1+y)^5
AaBBCcDdEeFfGg, x*(1+y)^6
AaBBCcDdEeFfgg, x*(1+y)^7
AaBBCcDdEeffGG, x*(1+y)^6
AaBBCcDdEeffGg, x*(1+y)^7
AaBBCcDdEeffgg, x*(1+y)^8
AaBBCcDdeeFFGG, x*(1+y)^5
AaBBCcDdeeFFGg, x*(1+y)^6
AaBBCcDdeeFFgg, x*(1+y)^7
AaBBCcDdeeFfGG, x*(1+y)^6
AaBBCcDdeeFfGg, x*(1+y)^7
AaBBCcDdeeFfgg, x*(1+y)^8
AaBBCcDdeeffGG, x*(1+y)^7
AaBBCcDdeeffGg, x*(1+y)^8
AaBBCcDdeeffgg, x*(1+y)^9
AaBBCcddEEFFGG, x*(1+y)^4
AaBBCcddEEFFGg, x*(1+y)^5
AaBBCcddEEFFgg, x*(1+y)^6
AaBBCcddEEFfGG, x*(1+y)^5
AaBBCcddEEFfGg, x*(1+y)^6
AaBBCcddEEFfgg, x*(1+y)^7
AaBBCcddEEffGG, x*(1+y)^6
AaBBCcddEEffGg, x*(1+y)^7
AaBBCcddEEffgg, x*(1+y)^8
AaBBCcddEeFFGG, x*(1+y)^5
AaBBCcddEeFFGg, x*(1+y)^6
AaBBCcddEeFFgg, x*(1+y)^7
AaBBCcddEeFfGG, x*(1+y)^6
AaBBCcddEeFfGg, x*(1+y)^7
AaBBCcddEeFfgg, x*(1+y)^8
AaBBCcddEeffGG, x*(1+y)^7
AaBBCcddEeffGg, x*(1+y)^8
AaBBCcddEeffgg, x*(1+y)^9
AaBBCcddeeFFGG, x*(1+y)^6
AaBBCcddeeFFGg, x*(1+y)^7
AaBBCcddeeFFgg, x*(1+y)^8
AaBBCcddeeFfGG, x*(1+y)^7
AaBBCcddeeFfGg, x*(1+y)^8
AaBBCcddeeFfgg, x*(1+y)^9
AaBBCcddeeffGG, x*(1+y)^8
AaBBCcddeeffGg, x*(1+y)^9
AaBBCcddeeffgg, x*(1+y)^10
AaBBccDDEEFFGG, x*(1+y)^3
AaBBccDDEEFFGg, x*(1+y)^4
AaBBccDDEEFFgg, x*(1+y)^5
AaBBccDDEEFfGG, x*(1+y)^4
AaBBccDDEEFfGg, x*(1+y)^5
AaBBccDDEEFfgg, x*(1+y)^6
AaBBccDDEEffGG, x*(1+y)^5
AaBBccDDEEffGg, x*(1+y)^6
AaBBccDDEEffgg, x*(1+y)^7
AaBBccDDEeFFGG, x*(1+y)^4
AaBBccDDEeFFGg, x*(1+y)^5
AaBBccDDEeFFgg, x*(1+y)^6
AaBBccDDEeFfGG, x*(1+y)^5
AaBBccDDEeFfGg, x*(1+y)^6
AaBBccDDEeFfgg, x*(1+y)^7
AaBBccDDEeffGG, x*(1+y)^6
AaBBccDDEeffGg, x*(1+y)^7
AaBBccDDEeffgg, x*(1+y)^8
AaBBccDDeeFFGG, x*(1+y)^5
AaBBccDDeeFFGg, x*(1+y)^6
AaBBccDDeeFFgg, x*(1+y)^7
AaBBccDDeeFfGG, x*(1+y)^6
AaBBccDDeeFfGg, x*(1+y)^7
AaBBccDDeeFfgg, x*(1+y)^8
AaBBccDDeeffGG, x*(1+y)^7
AaBBccDDeeffGg, x*(1+y)^8
AaBBccDDeeffgg, x*(1+y)^9
AaBBccDdEEFFGG, x*(1+y)^4
AaBBccDdEEFFGg, x*(1+y)^5
AaBBccDdEEFFgg, x*(1+y)^6
AaBBccDdEEFfGG, x*(1+y)^5
AaBBccDdEEFfGg, x*(1+y)^6
AaBBccDdEEFfgg, x*(1+y)^7
AaBBccDdEEffGG, x*(1+y)^6
AaBBccDdEEffGg, x*(1+y)^7
AaBBccDdEEffgg, x*(1+y)^8
AaBBccDdEeFFGG, x*(1+y)^5
AaBBccDdEeFFGg, x*(1+y)^6
AaBBccDdEeFFgg, x*(1+y)^7
AaBBccDdEeFfGG, x*(1+y)^6
AaBBccDdEeFfGg, x*(1+y)^7
AaBBccDdEeFfgg, x*(1+y)^8
AaBBccDdEeffGG, x*(1+y)^7
AaBBccDdEeffGg, x*(1+y)^8
AaBBccDdEeffgg, x*(1+y)^9
AaBBccDdeeFFGG, x*(1+y)^6
AaBBccDdeeFFGg, x*(1+y)^7
AaBBccDdeeFFgg, x*(1+y)^8
AaBBccDdeeFfGG, x*(1+y)^7
AaBBccDdeeFfGg, x*(1+y)^8
AaBBccDdeeFfgg, x*(1+y)^9
AaBBccDdeeffGG, x*(1+y)^8
AaBBccDdeeffGg, x*(1+y)^9
AaBBccDdeeffgg, x*(1+y)^10
AaBBccddEEFFGG, x*(1+y)^5
AaBBccddEEFFGg, x*(1+y)^6
AaBBccddEEFFgg, x*(1+y)^7
AaBBccddEEFfGG, x*(1+y)^6
AaBBccddEEFfGg, x*(1+y)^7
AaBBccddEEFfgg, x*(1+y)^8
AaBBccddEEffGG, x*(1+y)^7
AaBBccddEEffGg, x*(1+y)^8
AaBBccddEEffgg, x*(1+y)^9
AaBBccddEeFFGG, x*(1+y)^6
AaBBccddEeFFGg, x*(1+y)^7
AaBBccddEeFFgg, x*(1+y)^8
AaBBccddEeFfGG, x*(1+y)^7
AaBBccddEeFfGg, x*(1+y)^8
AaBBccddEeFfgg, x*(1+y)^9
AaBBccddEeffGG, x*(1+y)^8
AaBBccddEeffGg, x*(1+y)^9
AaBBccddEeffgg, x*(1+y)^10
AaBBccddeeFFGG, x*(1+y)^7
AaBBccddeeFFGg, x*(1+y)^8
AaBBccddeeFFgg, x*(1+y)^9
AaBBccddeeFfGG, x*(1+y)^8
AaBBccddeeFfGg, x*(1+y)^9
AaBBccddeeFfgg, x*(1+y)^10
AaBBccddeeffGG, x*(1+y)^9
AaBBccddeeffGg, x*(1+y)^10
AaBBccddeeffgg, x*(1+y)^11
AaBbCCDDEEFFGG, x*(1+y)^2
AaBbCCDDEEFFGg, x*(1+y)^3
AaBbCCDDEEFFgg, x*(1+y)^4
AaBbCCDDEEFfGG, x*(1+y)^3
AaBbCCDDEEFfGg, x*(1+y)^4
AaBbCCDDEEFfgg, x*(1+y)^5
AaBbCCDDEEffGG, x*(1+y)^4
AaBbCCDDEEffGg, x*(1+y)^5
AaBbCCDDEEffgg, x*(1+y)^6
AaBbCCDDEeFFGG, x*(1+y)^3
AaBbCCDDEeFFGg, x*(1+y)^4
AaBbCCDDEeFFgg, x*(1+y)^5
AaBbCCDDEeFfGG, x*(1+y)^4
AaBbCCDDEeFfGg, x*(1+y)^5
AaBbCCDDEeFfgg, x*(1+y)^6
AaBbCCDDEeffGG, x*(1+y)^5
AaBbCCDDEeffGg, x*(1+y)^6
AaBbCCDDEeffgg, x*(1+y)^7
AaBbCCDDeeFFGG, x*(1+y)^4
AaBbCCDDeeFFGg, x*(1+y)^5
AaBbCCDDeeFFgg, x*(1+y)^6
AaBbCCDDeeFfGG, x*(1+y)^5
AaBbCCDDeeFfGg, x*(1+y)^6
AaBbCCDDeeFfgg, x*(1+y)^7
AaBbCCDDeeffGG, x*(1+y)^6
AaBbCCDDeeffGg, x*(1+y)^7
AaBbCCDDeeffgg, x*(1+y)^8
AaBbCCDdEEFFGG, x*(1+y)^3
AaBbCCDdEEFFGg, x*(1+y)^4
AaBbCCDdEEFFgg, x*(1+y)^5
AaBbCCDdEEFfGG, x*(1+y)^4
AaBbCCDdEEFfGg, x*(1+y)^5
AaBbCCDdEEFfgg, x*(1+y)^6
AaBbCCDdEEffGG, x*(1+y)^5
AaBbCCDdEEffGg, x*(1+y)^6
AaBbCCDdEEffgg, x*(1+y)^7
AaBbCCDdEeFFGG, x*(1+y)^4
AaBbCCDdEeFFGg, x*(1+y)^5
AaBbCCDdEeFFgg, x*(1+y)^6
AaBbCCDdEeFfGG, x*(1+y)^5
AaBbCCDdEeFfGg, x*(1+y)^6
AaBbCCDdEeFfgg, x*(1+y)^7
AaBbCCDdEeffGG, x*(1+y)^6
AaBbCCDdEeffGg, x*(1+y)^7
AaBbCCDdEeffgg, x*(1+y)^8
AaBbCCDdeeFFGG, x*(1+y)^5
AaBbCCDdeeFFGg, x*(1+y)^6
AaBbCCDdeeFFgg, x*(1+y)^7
AaBbCCDdeeFfGG, x*(1+y)^6
AaBbCCDdeeFfGg, x*(1+y)^7
AaBbCCDdeeFfgg, x*(1+y)^8
AaBbCCDdeeffGG, x*(1+y)^7
AaBbCCDdeeffGg, x*(1+y)^8
AaBbCCDdeeffgg, x*(1+y)^9
AaBbCCddEEFFGG, x*(1+y)^4
AaBbCCddEEFFGg, x*(1+y)^5
AaBbCCddEEFFgg, x*(1+y)^6
AaBbCCddEEFfGG, x*(1+y)^5
AaBbCCddEEFfGg, x*(1+y)^6
AaBbCCddEEFfgg, x*(1+y)^7
AaBbCCddEEffGG, x*(1+y)^6
AaBbCCddEEffGg, x*(1+y)^7
AaBbCCddEEffgg, x*(1+y)^8
AaBbCCddEeFFGG, x*(1+y)^5
AaBbCCddEeFFGg, x*(1+y)^6
AaBbCCddEeFFgg, x*(1+y)^7
AaBbCCddEeFfGG, x*(1+y)^6
AaBbCCddEeFfGg, x*(1+y)^7
AaBbCCddEeFfgg, x*(1+y)^8
AaBbCCddEeffGG, x*(1+y)^7
AaBbCCddEeffGg, x*(1+y)^8
AaBbCCddEeffgg, x*(1+y)^9
AaBbCCddeeFFGG, x*(1+y)^6
AaBbCCddeeFFGg, x*(1+y)^7
AaBbCCddeeFFgg, x*(1+y)^8
AaBbCCddeeFfGG, x*(1+y)^7
AaBbCCddeeFfGg, x*(1+y)^8
AaBbCCddeeFfgg, x*(1+y)^9
AaBbCCddeeffGG, x*(1+y)^8
AaBbCCddeeffGg, x*(1+y)^9
AaBbCCddeeffgg, x*(1+y)^10
AaBbCcDDEEFFGG, x*(1+y)^3
AaBbCcDDEEFFGg, x*(1+y)^4
AaBbCcDDEEFFgg, x*(1+y)^5
AaBbCcDDEEFfGG, x*(1+y)^4
AaBbCcDDEEFfGg, x*(1+y)^5
AaBbCcDDEEFfgg, x*(1+y)^6
AaBbCcDDEEffGG, x*(1+y)^5
AaBbCcDDEEffGg, x*(1+y)^6
AaBbCcDDEEffgg, x*(1+y)^7
AaBbCcDDEeFFGG, x*(1+y)^4
AaBbCcDDEeFFGg, x*(1+y)^5
AaBbCcDDEeFFgg, x*(1+y)^6
AaBbCcDDEeFfGG, x*(1+y)^5
AaBbCcDDEeFfGg, x*(1+y)^6
AaBbCcDDEeFfgg, x*(1+y)^7
AaBbCcDDEeffGG, x*(1+y)^6
AaBbCcDDEeffGg, x*(1+y)^7
AaBbCcDDEeffgg, x*(1+y)^8
AaBbCcDDeeFFGG, x*(1+y)^5
AaBbCcDDeeFFGg, x*(1+y)^6
AaBbCcDDeeFFgg, x*(1+y)^7
AaBbCcDDeeFfGG, x*(1+y)^6
AaBbCcDDeeFfGg, x*(1+y)^7
AaBbCcDDeeFfgg, x*(1+y)^8
AaBbCcDDeeffGG, x*(1+y)^7
AaBbCcDDeeffGg, x*(1+y)^8
AaBbCcDDeeffgg, x*(1+y)^9
AaBbCcDdEEFFGG, x*(1+y)^4
AaBbCcDdEEFFGg, x*(1+y)^5
AaBbCcDdEEFFgg, x*(1+y)^6
AaBbCcDdEEFfGG, x*(1+y)^5
AaBbCcDdEEFfGg, x*(1+y)^6
AaBbCcDdEEFfgg, x*(1+y)^7
AaBbCcDdEEffGG, x*(1+y)^6
AaBbCcDdEEffGg, x*(1+y)^7
AaBbCcDdEEffgg, x*(1+y)^8
AaBbCcDdEeFFGG, x*(1+y)^5
AaBbCcDdEeFFGg, x*(1+y)^6
AaBbCcDdEeFFgg, x*(1+y)^7
AaBbCcDdEeFfGG, x*(1+y)^6
AaBbCcDdEeFfGg, x*(1+y)^7
AaBbCcDdEeFfgg, x*(1+y)^8
AaBbCcDdEeffGG, x*(1+y)^7
AaBbCcDdEeffGg, x*(1+y)^8
AaBbCcDdEeffgg, x*(1+y)^9
AaBbCcDdeeFFGG, x*(1+y)^6
AaBbCcDdeeFFGg, x*(1+y)^7
AaBbCcDdeeFFgg, x*(1+y)^8
AaBbCcDdeeFfGG, x*(1+y)^7
AaBbCcDdeeFfGg, x*(1+y)^8
AaBbCcDdeeFfgg, x*(1+y)^9
AaBbCcDdeeffGG, x*(1+y)^8
AaBbCcDdeeffGg, x*(1+y)^9
AaBbCcDdeeffgg, x*(1+y)^10
AaBbCcddEEFFGG, x*(1+y)^5
AaBbCcddEEFFGg, x*(1+y)^6
AaBbCcddEEFFgg, x*(1+y)^7
AaBbCcddEEFfGG, x*(1+y)^6
AaBbCcddEEFfGg, x*(1+y)^7
AaBbCcddEEFfgg, x*(1+y)^8
AaBbCcddEEffGG, x*(1+y)^7
AaBbCcddEEffGg, x*(1+y)^8
AaBbCcddEEffgg, x*(1+y)^9
AaBbCcddEeFFGG, x*(1+y)^6
AaBbCcddEeFFGg, x*(1+y)^7
AaBbCcddEeFFgg, x*(1+y)^8
AaBbCcddEeFfGG, x*(1+y)^7
AaBbCcddEeFfGg, x*(1+y)^8
AaBbCcddEeFfgg, x*(1+y)^9
AaBbCcddEeffGG, x*(1+y)^8
AaBbCcddEeffGg, x*(1+y)^9
AaBbCcddEeffgg, x*(1+y)^10
AaBbCcddeeFFGG, x*(1+y)^7
AaBbCcddeeFFGg, x*(1+y)^8
AaBbCcddeeFFgg, x*(1+y)^9
AaBbCcddeeFfGG, x*(1+y)^8
AaBbCcddeeFfGg, x*(1+y)^9
AaBbCcddeeFfgg, x*(1+y)^10
AaBbCcddeeffGG, x*(1+y)^9
AaBbCcddeeffGg, x*(1+y)^10
AaBbCcddeeffgg, x*(1+y)^11
AaBbccDDEEFFGG, x*(1+y)^4
AaBbccDDEEFFGg, x*(1+y)^5
AaBbccDDEEFFgg, x*(1+y)^6
AaBbccDDEEFfGG, x*(1+y)^5
AaBbccDDEEFfGg, x*(1+y)^6
AaBbccDDEEFfgg, x*(1+y)^7
AaBbccDDEEffGG, x*(1+y)^6
AaBbccDDEEffGg, x*(1+y)^7
AaBbccDDEEffgg, x*(1+y)^8
AaBbccDDEeFFGG, x*(1+y)^5
AaBbccDDEeFFGg, x*(1+y)^6
AaBbccDDEeFFgg, x*(1+y)^7
AaBbccDDEeFfGG, x*(1+y)^6
AaBbccDDEeFfGg, x*(1+y)^7
AaBbccDDEeFfgg, x*(1+y)^8
AaBbccDDEeffGG, x*(1+y)^7
AaBbccDDEeffGg, x*(1+y)^8
AaBbccDDEeffgg, x*(1+y)^9
AaBbccDDeeFFGG, x*(1+y)^6
AaBbccDDeeFFGg, x*(1+y)^7
AaBbccDDeeFFgg, x*(1+y)^8
AaBbccDDeeFfGG, x*(1+y)^7
AaBbccDDeeFfGg, x*(1+y)^8
AaBbccDDeeFfgg, x*(1+y)^9
AaBbccDDeeffGG, x*(1+y)^8
AaBbccDDeeffGg, x*(1+y)^9
AaBbccDDeeffgg, x*(1+y)^10
AaBbccDdEEFFGG, x*(1+y)^5
AaBbccDdEEFFGg, x*(1+y)^6
AaBbccDdEEFFgg, x*(1+y)^7
AaBbccDdEEFfGG, x*(1+y)^6
AaBbccDdEEFfGg, x*(1+y)^7
AaBbccDdEEFfgg, x*(1+y)^8
AaBbccDdEEffGG, x*(1+y)^7
AaBbccDdEEffGg, x*(1+y)^8
AaBbccDdEEffgg, x*(1+y)^9
AaBbccDdEeFFGG, x*(1+y)^6
AaBbccDdEeFFGg, x*(1+y)^7
AaBbccDdEeFFgg, x*(1+y)^8
AaBbccDdEeFfGG, x*(1+y)^7
AaBbccDdEeFfGg, x*(1+y)^8
AaBbccDdEeFfgg, x*(1+y)^9
AaBbccDdEeffGG, x*(1+y)^8
AaBbccDdEeffGg, x*(1+y)^9
AaBbccDdEeffgg, x*(1+y)^10
AaBbccDdeeFFGG, x*(1+y)^7
AaBbccDdeeFFGg, x*(1+y)^8
AaBbccDdeeFFgg, x*(1+y)^9
AaBbccDdeeFfGG, x*(1+y)^8
AaBbccDdeeFfGg, x*(1+y)^9
AaBbccDdeeFfgg, x*(1+y)^10
AaBbccDdeeffGG, x*(1+y)^9
AaBbccDdeeffGg, x*(1+y)^10
AaBbccDdeeffgg, x*(1+y)^11
AaBbccddEEFFGG, x*(1+y)^6
AaBbccddEEFFGg, x*(1+y)^7
AaBbccddEEFFgg, x*(1+y)^8
AaBbccddEEFfGG, x*(1+y)^7
AaBbccddEEFfGg, x*(1+y)^8
AaBbccddEEFfgg, x*(1+y)^9
AaBbccddEEffGG, x*(1+y)^8
AaBbccddEEffGg, x*(1+y)^9
AaBbccddEEffgg, x*(1+y)^10
AaBbccddEeFFGG, x*(1+y)^7
AaBbccddEeFFGg, x*(1+y)^8
AaBbccddEeFFgg, x*(1+y)^9
AaBbccddEeFfGG, x*(1+y)^8
AaBbccddEeFfGg, x*(1+y)^9
AaBbccddEeFfgg, x*(1+y)^10
AaBbccddEeffGG, x*(1+y)^9
AaBbccddEeffGg, x*(1+y)^10
AaBbccddEeffgg, x*(1+y)^11
AaBbccddeeFFGG, x*(1+y)^8
AaBbccddeeFFGg, x*(1+y)^9
AaBbccddeeFFgg, x*(1+y)^10
AaBbccddeeFfGG, x*(1+y)^9
AaBbccddeeFfGg, x*(1+y)^10
AaBbccddeeFfgg, x*(1+y)^11
AaBbccddeeffGG, x*(1+y)^10
AaBbccddeeffGg, x*(1+y)^11
AaBbccddeeffgg, x*(1+y)^12
AabbCCDDEEFFGG, x*(1+y)^3
AabbCCDDEEFFGg, x*(1+y)^4
AabbCCDDEEFFgg, x*(1+y)^5
AabbCCDDEEFfGG, x*(1+y)^4
AabbCCDDEEFfGg, x*(1+y)^5
AabbCCDDEEFfgg, x*(1+y)^6
AabbCCDDEEffGG, x*(1+y)^5
AabbCCDDEEffGg, x*(1+y)^6
AabbCCDDEEffgg, x*(1+y)^7
AabbCCDDEeFFGG, x*(1+y)^4
AabbCCDDEeFFGg, x*(1+y)^5
AabbCCDDEeFFgg, x*(1+y)^6
AabbCCDDEeFfGG, x*(1+y)^5
AabbCCDDEeFfGg, x*(1+y)^6
AabbCCDDEeFfgg, x*(1+y)^7
AabbCCDDEeffGG, x*(1+y)^6
AabbCCDDEeffGg, x*(1+y)^7
AabbCCDDEeffgg, x*(1+y)^8
AabbCCDDeeFFGG, x*(1+y)^5
AabbCCDDeeFFGg, x*(1+y)^6
AabbCCDDeeFFgg, x*(1+y)^7
AabbCCDDeeFfGG, x*(1+y)^6
AabbCCDDeeFfGg, x*(1+y)^7
AabbCCDDeeFfgg, x*(1+y)^8
AabbCCDDeeffGG, x*(1+y)^7
AabbCCDDeeffGg, x*(1+y)^8
AabbCCDDeeffgg, x*(1+y)^9
AabbCCDdEEFFGG, x*(1+y)^4
AabbCCDdEEFFGg, x*(1+y)^5
AabbCCDdEEFFgg, x*(1+y)^6
AabbCCDdEEFfGG, x*(1+y)^5
AabbCCDdEEFfGg, x*(1+y)^6
AabbCCDdEEFfgg, x*(1+y)^7
AabbCCDdEEffGG, x*(1+y)^6
AabbCCDdEEffGg, x*(1+y)^7
AabbCCDdEEffgg, x*(1+y)^8
AabbCCDdEeFFGG, x*(1+y)^5
AabbCCDdEeFFGg, x*(1+y)^6
AabbCCDdEeFFgg, x*(1+y)^7
AabbCCDdEeFfGG, x*(1+y)^6
AabbCCDdEeFfGg, x*(1+y)^7
AabbCCDdEeFfgg, x*(1+y)^8
AabbCCDdEeffGG, x*(1+y)^7
AabbCCDdEeffGg, x*(1+y)^8
AabbCCDdEeffgg, x*(1+y)^9
AabbCCDdeeFFGG, x*(1+y)^6
AabbCCDdeeFFGg, x*(1+y)^7
AabbCCDdeeFFgg, x*(1+y)^8
AabbCCDdeeFfGG, x*(1+y)^7
AabbCCDdeeFfGg, x*(1+y)^8
AabbCCDdeeFfgg, x*(1+y)^9
AabbCCDdeeffGG, x*(1+y)^8
AabbCCDdeeffGg, x*(1+y)^9
AabbCCDdeeffgg, x*(1+y)^10
AabbCCddEEFFGG, x*(1+y)^5
AabbCCddEEFFGg, x*(1+y)^6
AabbCCddEEFFgg, x*(1+y)^7
AabbCCddEEFfGG, x*(1+y)^6
AabbCCddEEFfGg, x*(1+y)^7
AabbCCddEEFfgg, x*(1+y)^8
AabbCCddEEffGG, x*(1+y)^7
AabbCCddEEffGg, x*(1+y)^8
AabbCCddEEffgg, x*(1+y)^9
AabbCCddEeFFGG, x*(1+y)^6
AabbCCddEeFFGg, x*(1+y)^7
AabbCCddEeFFgg, x*(1+y)^8
AabbCCddEeFfGG, x*(1+y)^7
AabbCCddEeFfGg, x*(1+y)^8
AabbCCddEeFfgg, x*(1+y)^9
AabbCCddEeffGG, x*(1+y)^8
AabbCCddEeffGg, x*(1+y)^9
AabbCCddEeffgg, x*(1+y)^10
AabbCCddeeFFGG, x*(1+y)^7
AabbCCddeeFFGg, x*(1+y)^8
AabbCCddeeFFgg, x*(1+y)^9
AabbCCddeeFfGG, x*(1+y)^8
AabbCCddeeFfGg, x*(1+y)^9
AabbCCddeeFfgg, x*(1+y)^10
AabbCCddeeffGG, x*(1+y)^9
AabbCCddeeffGg, x*(1+y)^10
AabbCCddeeffgg, x*(1+y)^11
AabbCcDDEEFFGG, x*(1+y)^4
AabbCcDDEEFFGg, x*(1+y)^5
AabbCcDDEEFFgg, x*(1+y)^6
AabbCcDDEEFfGG, x*(1+y)^5
AabbCcDDEEFfGg, x*(1+y)^6
AabbCcDDEEFfgg, x*(1+y)^7
AabbCcDDEEffGG, x*(1+y)^6
AabbCcDDEEffGg, x*(1+y)^7
AabbCcDDEEffgg, x*(1+y)^8
AabbCcDDEeFFGG, x*(1+y)^5
AabbCcDDEeFFGg, x*(1+y)^6
AabbCcDDEeFFgg, x*(1+y)^7
AabbCcDDEeFfGG, x*(1+y)^6
AabbCcDDEeFfGg, x*(1+y)^7
AabbCcDDEeFfgg, x*(1+y)^8
AabbCcDDEeffGG, x*(1+y)^7
AabbCcDDEeffGg, x*(1+y)^8
AabbCcDDEeffgg, x*(1+y)^9
AabbCcDDeeFFGG, x*(1+y)^6
AabbCcDDeeFFGg, x*(1+y)^7
AabbCcDDeeFFgg, x*(1+y)^8
AabbCcDDeeFfGG, x*(1+y)^7
AabbCcDDeeFfGg, x*(1+y)^8
AabbCcDDeeFfgg, x*(1+y)^9
AabbCcDDeeffGG, x*(1+y)^8
AabbCcDDeeffGg, x*(1+y)^9
AabbCcDDeeffgg, x*(1+y)^10
AabbCcDdEEFFGG, x*(1+y)^5
AabbCcDdEEFFGg, x*(1+y)^6
AabbCcDdEEFFgg, x*(1+y)^7
AabbCcDdEEFfGG, x*(1+y)^6
AabbCcDdEEFfGg, x*(1+y)^7
AabbCcDdEEFfgg, x*(1+y)^8
AabbCcDdEEffGG, x*(1+y)^7
AabbCcDdEEffGg, x*(1+y)^8
AabbCcDdEEffgg, x*(1+y)^9
AabbCcDdEeFFGG, x*(1+y)^6
AabbCcDdEeFFGg, x*(1+y)^7
AabbCcDdEeFFgg, x*(1+y)^8
AabbCcDdEeFfGG, x*(1+y)^7
AabbCcDdEeFfGg, x*(1+y)^8
AabbCcDdEeFfgg, x*(1+y)^9
AabbCcDdEeffGG, x*(1+y)^8
AabbCcDdEeffGg, x*(1+y)^9
AabbCcDdEeffgg, x*(1+y)^10
AabbCcDdeeFFGG, x*(1+y)^7
AabbCcDdeeFFGg, x*(1+y)^8
AabbCcDdeeFFgg, x*(1+y)^9
AabbCcDdeeFfGG, x*(1+y)^8
AabbCcDdeeFfGg, x*(1+y)^9
AabbCcDdeeFfgg, x*(1+y)^10
AabbCcDdeeffGG, x*(1+y)^9
AabbCcDdeeffGg, x*(1+y)^10
AabbCcDdeeffgg, x*(1+y)^11
AabbCcddEEFFGG, x*(1+y)^6
AabbCcddEEFFGg, x*(1+y)^7
AabbCcddEEFFgg, x*(1+y)^8
AabbCcddEEFfGG, x*(1+y)^7
AabbCcddEEFfGg, x*(1+y)^8
AabbCcddEEFfgg, x*(1+y)^9
AabbCcddEEffGG, x*(1+y)^8
AabbCcddEEffGg, x*(1+y)^9
AabbCcddEEffgg, x*(1+y)^10
AabbCcddEeFFGG, x*(1+y)^7
AabbCcddEeFFGg, x*(1+y)^8
AabbCcddEeFFgg, x*(1+y)^9
AabbCcddEeFfGG, x*(1+y)^8
AabbCcddEeFfGg, x*(1+y)^9
AabbCcddEeFfgg, x*(1+y)^10
AabbCcddEeffGG, x*(1+y)^9
AabbCcddEeffGg, x*(1+y)^10
AabbCcddEeffgg, x*(1+y)^11
AabbCcddeeFFGG, x*(1+y)^8
AabbCcddeeFFGg, x*(1+y)^9
AabbCcddeeFFgg, x*(1+y)^10
AabbCcddeeFfGG, x*(1+y)^9
AabbCcddeeFfGg, x*(1+y)^10
AabbCcddeeFfgg, x*(1+y)^11
AabbCcddeeffGG, x*(1+y)^10
AabbCcddeeffGg, x*(1+y)^11
AabbCcddeeffgg, x*(1+y)^12
AabbccDDEEFFGG, x*(1+y)^5
AabbccDDEEFFGg, x*(1+y)^6
AabbccDDEEFFgg, x*(1+y)^7
AabbccDDEEFfGG, x*(1+y)^6
AabbccDDEEFfGg, x*(1+y)^7
AabbccDDEEFfgg, x*(1+y)^8
AabbccDDEEffGG, x*(1+y)^7
AabbccDDEEffGg, x*(1+y)^8
AabbccDDEEffgg, x*(1+y)^9
AabbccDDEeFFGG, x*(1+y)^6
AabbccDDEeFFGg, x*(1+y)^7
AabbccDDEeFFgg, x*(1+y)^8
AabbccDDEeFfGG, x*(1+y)^7
AabbccDDEeFfGg, x*(1+y)^8
AabbccDDEeFfgg, x*(1+y)^9
AabbccDDEeffGG, x*(1+y)^8
AabbccDDEeffGg, x*(1+y)^9
AabbccDDEeffgg, x*(1+y)^10
AabbccDDeeFFGG, x*(1+y)^7
AabbccDDeeFFGg, x*(1+y)^8
AabbccDDeeFFgg, x*(1+y)^9
AabbccDDeeFfGG, x*(1+y)^8
AabbccDDeeFfGg, x*(1+y)^9
AabbccDDeeFfgg, x*(1+y)^10
AabbccDDeeffGG, x*(1+y)^9
AabbccDDeeffGg, x*(1+y)^10
AabbccDDeeffgg, x*(1+y)^11
AabbccDdEEFFGG, x*(1+y)^6
AabbccDdEEFFGg, x*(1+y)^7
AabbccDdEEFFgg, x*(1+y)^8
AabbccDdEEFfGG, x*(1+y)^7
AabbccDdEEFfGg, x*(1+y)^8
AabbccDdEEFfgg, x*(1+y)^9
AabbccDdEEffGG, x*(1+y)^8
AabbccDdEEffGg, x*(1+y)^9
AabbccDdEEffgg, x*(1+y)^10
AabbccDdEeFFGG, x*(1+y)^7
AabbccDdEeFFGg, x*(1+y)^8
AabbccDdEeFFgg, x*(1+y)^9
AabbccDdEeFfGG, x*(1+y)^8
AabbccDdEeFfGg, x*(1+y)^9
AabbccDdEeFfgg, x*(1+y)^10
AabbccDdEeffGG, x*(1+y)^9
AabbccDdEeffGg, x*(1+y)^10
AabbccDdEeffgg, x*(1+y)^11
AabbccDdeeFFGG, x*(1+y)^8
AabbccDdeeFFGg, x*(1+y)^9
AabbccDdeeFFgg, x*(1+y)^10
AabbccDdeeFfGG, x*(1+y)^9
AabbccDdeeFfGg, x*(1+y)^10
AabbccDdeeFfgg, x*(1+y)^11
AabbccDdeeffGG, x*(1+y)^10
AabbccDdeeffGg, x*(1+y)^11
AabbccDdeeffgg, x*(1+y)^12
AabbccddEEFFGG, x*(1+y)^7
AabbccddEEFFGg, x*(1+y)^8
AabbccddEEFFgg, x*(1+y)^9
AabbccddEEFfGG, x*(1+y)^8
AabbccddEEFfGg, x*(1+y)^9
AabbccddEEFfgg, x*(1+y)^10
AabbccddEEffGG, x*(1+y)^9
AabbccddEEffGg, x*(1+y)^10
AabbccddEEffgg, x*(1+y)^11
AabbccddEeFFGG, x*(1+y)^8
AabbccddEeFFGg, x*(1+y)^9
AabbccddEeFFgg, x*(1+y)^10
AabbccddEeFfGG, x*(1+y)^9
AabbccddEeFfGg, x*(1+y)^10
AabbccddEeFfgg, x*(1+y)^11
AabbccddEeffGG, x*(1+y)^10
AabbccddEeffGg, x*(1+y)^11
AabbccddEeffgg, x*(1+y)^12
AabbccddeeFFGG, x*(1+y)^9
AabbccddeeFFGg, x*(1+y)^10
AabbccddeeFFgg, x*(1+y)^11
AabbccddeeFfGG, x*(1+y)^10
AabbccddeeFfGg, x*(1+y)^11
AabbccddeeFfgg, x*(1+y)^12
AabbccddeeffGG, x*(1+y)^11
AabbccddeeffGg, x*(1+y)^12
Aabbccddeeffgg, x*(1+y)^13
aaBBCCDDEEFFGG, x*(1+y)^2
aaBBCCDDEEFFGg, x*(1+y)^3
aaBBCCDDEEFFgg, x*(1+y)^4
aaBBCCDDEEFfGG, x*(1+y)^3
aaBBCCDDEEFfGg, x*(1+y)^4
aaBBCCDDEEFfgg, x*(1+y)^5
aaBBCCDDEEffGG, x*(1+y)^4
aaBBCCDDEEffGg, x*(1+y)^5
aaBBCCDDEEffgg, x*(1+y)^6
aaBBCCDDEeFFGG, x*(1+y)^3
aaBBCCDDEeFFGg, x*(1+y)^4
aaBBCCDDEeFFgg, x*(1+y)^5
aaBBCCDDEeFfGG, x*(1+y)^4
aaBBCCDDEeFfGg, x*(1+y)^5
aaBBCCDDEeFfgg, x*(1+y)^6
aaBBCCDDEeffGG, x*(1+y)^5
aaBBCCDDEeffGg, x*(1+y)^6
aaBBCCDDEeffgg, x*(1+y)^7
aaBBCCDDeeFFGG, x*(1+y)^4
aaBBCCDDeeFFGg, x*(1+y)^5
aaBBCCDDeeFFgg, x*(1+y)^6
aaBBCCDDeeFfGG, x*(1+y)^5
aaBBCCDDeeFfGg, x*(1+y)^6
aaBBCCDDeeFfgg, x*(1+y)^7
aaBBCCDDeeffGG, x*(1+y)^6
aaBBCCDDeeffGg, x*(1+y)^7
aaBBCCDDeeffgg, x*(1+y)^8
aaBBCCDdEEFFGG, x*(1+y)^3
aaBBCCDdEEFFGg, x*(1+y)^4
aaBBCCDdEEFFgg, x*(1+y)^5
aaBBCCDdEEFfGG, x*(1+y)^4
aaBBCCDdEEFfGg, x*(1+y)^5
aaBBCCDdEEFfgg, x*(1+y)^6
aaBBCCDdEEffGG, x*(1+y)^5
aaBBCCDdEEffGg, x*(1+y)^6
aaBBCCDdEEffgg, x*(1+y)^7
aaBBCCDdEeFFGG, x*(1+y)^4
aaBBCCDdEeFFGg, x*(1+y)^5
aaBBCCDdEeFFgg, x*(1+y)^6
aaBBCCDdEeFfGG, x*(1+y)^5
aaBBCCDdEeFfGg, x*(1+y)^6
aaBBCCDdEeFfgg, x*(1+y)^7
aaBBCCDdEeffGG, x*(1+y)^6
aaBBCCDdEeffGg, x*(1+y)^7
aaBBCCDdEeffgg, x*(1+y)^8
aaBBCCDdeeFFGG, x*(1+y)^5
aaBBCCDdeeFFGg, x*(1+y)^6
aaBBCCDdeeFFgg, x*(1+y)^7
aaBBCCDdeeFfGG, x*(1+y)^6
aaBBCCDdeeFfGg, x*(1+y)^7
aaBBCCDdeeFfgg, x*(1+y)^8
aaBBCCDdeeffGG, x*(1+y)^7
aaBBCCDdeeffGg, x*(1+y)^8
aaBBCCDdeeffgg, x*(1+y)^9
aaBBCCddEEFFGG, x*(1+y)^4
aaBBCCddEEFFGg, x*(1+y)^5
aaBBCCddEEFFgg, x*(1+y)^6
aaBBCCddEEFfGG, x*(1+y)^5
aaBBCCddEEFfGg, x*(1+y)^6
aaBBCCddEEFfgg, x*(1+y)^7
aaBBCCddEEffGG, x*(1+y)^6
aaBBCCddEEffGg, x*(1+y)^7
aaBBCCddEEffgg, x*(1+y)^8
aaBBCCddEeFFGG, x*(1+y)^5
aaBBCCddEeFFGg, x*(1+y)^6
aaBBCCddEeFFgg, x*(1+y)^7
aaBBCCddEeFfGG, x*(1+y)^6
aaBBCCddEeFfGg, x*(1+y)^7
aaBBCCddEeFfgg, x*(1+y)^8
aaBBCCddEeffGG, x*(1+y)^7
aaBBCCddEeffGg, x*(1+y)^8
aaBBCCddEeffgg, x*(1+y)^9
aaBBCCddeeFFGG, x*(1+y)^6
aaBBCCddeeFFGg, x*(1+y)^7
aaBBCCddeeFFgg, x*(1+y)^8
aaBBCCddeeFfGG, x*(1+y)^7
aaBBCCddeeFfGg, x*(1+y)^8
aaBBCCddeeFfgg, x*(1+y)^9
aaBBCCddeeffGG, x*(1+y)^8
aaBBCCddeeffGg, x*(1+y)^9
aaBBCCddeeffgg, x*(1+y)^10
aaBBCcDDEEFFGG, x*(1+y)^3
aaBBCcDDEEFFGg, x*(1+y)^4
aaBBCcDDEEFFgg, x*(1+y)^5
aaBBCcDDEEFfGG, x*(1+y)^4
aaBBCcDDEEFfGg, x*(1+y)^5
aaBBCcDDEEFfgg, x*(1+y)^6
aaBBCcDDEEffGG, x*(1+y)^5
aaBBCcDDEEffGg, x*(1+y)^6
aaBBCcDDEEffgg, x*(1+y)^7
aaBBCcDDEeFFGG, x*(1+y)^4
aaBBCcDDEeFFGg, x*(1+y)^5
aaBBCcDDEeFFgg, x*(1+y)^6
aaBBCcDDEeFfGG, x*(1+y)^5
aaBBCcDDEeFfGg, x*(1+y)^6
aaBBCcDDEeFfgg, x*(1+y)^7
aaBBCcDDEeffGG, x*(1+y)^6
aaBBCcDDEeffGg, x*(1+y)^7
aaBBCcDDEeffgg, x*(1+y)^8
aaBBCcDDeeFFGG, x*(1+y)^5
aaBBCcDDeeFFGg, x*(1+y)^6
aaBBCcDDeeFFgg, x*(1+y)^7
aaBBCcDDeeFfGG, x*(1+y)^6
aaBBCcDDeeFfGg, x*(1+y)^7
aaBBCcDDeeFfgg, x*(1+y)^8
aaBBCcDDeeffGG, x*(1+y)^7
aaBBCcDDeeffGg, x*(1+y)^8
aaBBCcDDeeffgg, x*(1+y)^9
aaBBCcDdEEFFGG, x*(1+y)^4
aaBBCcDdEEFFGg, x*(1+y)^5
aaBBCcDdEEFFgg, x*(1+y)^6
aaBBCcDdEEFfGG, x*(1+y)^5
aaBBCcDdEEFfGg, x*(1+y)^6
aaBBCcDdEEFfgg, x*(1+y)^7
aaBBCcDdEEffGG, x*(1+y)^6
aaBBCcDdEEffGg, x*(1+y)^7
aaBBCcDdEEffgg, x*(1+y)^8
aaBBCcDdEeFFGG, x*(1+y)^5
aaBBCcDdEeFFGg, x*(1+y)^6
aaBBCcDdEeFFgg, x*(1+y)^7
aaBBCcDdEeFfGG, x*(1+y)^6
aaBBCcDdEeFfGg, x*(1+y)^7
aaBBCcDdEeFfgg, x*(1+y)^8
aaBBCcDdEeffGG, x*(1+y)^7
aaBBCcDdEeffGg, x*(1+y)^8
aaBBCcDdEeffgg, x*(1+y)^9
aaBBCcDdeeFFGG, x*(1+y)^6
aaBBCcDdeeFFGg, x*(1+y)^7
aaBBCcDdeeFFgg, x*(1+y)^8
aaBBCcDdeeFfGG, x*(1+y)^7
aaBBCcDdeeFfGg, x*(1+y)^8
aaBBCcDdeeFfgg, x*(1+y)^9
aaBBCcDdeeffGG, x*(1+y)^8
aaBBCcDdeeffGg, x*(1+y)^9
aaBBCcDdeeffgg, x*(1+y)^10
aaBBCcddEEFFGG, x*(1+y)^5
aaBBCcddEEFFGg, x*(1+y)^6
aaBBCcddEEFFgg, x*(1+y)^7
aaBBCcddEEFfGG, x*(1+y)^6
aaBBCcddEEFfGg, x*(1+y)^7
aaBBCcddEEFfgg, x*(1+y)^8
aaBBCcddEEffGG, x*(1+y)^7
aaBBCcddEEffGg, x*(1+y)^8
aaBBCcddEEffgg, x*(1+y)^9
aaBBCcddEeFFGG, x*(1+y)^6
aaBBCcddEeFFGg, x*(1+y)^7
aaBBCcddEeFFgg, x*(1+y)^8
aaBBCcddEeFfGG, x*(1+y)^7
aaBBCcddEeFfGg, x*(1+y)^8
aaBBCcddEeFfgg, x*(1+y)^9
aaBBCcddEeffGG, x*(1+y)^8
aaBBCcddEeffGg, x*(1+y)^9
aaBBCcddEeffgg, x*(1+y)^10
aaBBCcddeeFFGG, x*(1+y)^7
aaBBCcddeeFFGg, x*(1+y)^8
aaBBCcddeeFFgg, x*(1+y)^9
aaBBCcddeeFfGG, x*(1+y)^8
aaBBCcddeeFfGg, x*(1+y)^9
aaBBCcddeeFfgg, x*(1+y)^10
aaBBCcddeeffGG, x*(1+y)^9
aaBBCcddeeffGg, x*(1+y)^10
aaBBCcddeeffgg, x*(1+y)^11
aaBBccDDEEFFGG, x*(1+y)^4
aaBBccDDEEFFGg, x*(1+y)^5
aaBBccDDEEFFgg, x*(1+y)^6
aaBBccDDEEFfGG, x*(1+y)^5
aaBBccDDEEFfGg, x*(1+y)^6
aaBBccDDEEFfgg, x*(1+y)^7
aaBBccDDEEffGG, x*(1+y)^6
aaBBccDDEEffGg, x*(1+y)^7
aaBBccDDEEffgg, x*(1+y)^8
aaBBccDDEeFFGG, x*(1+y)^5
aaBBccDDEeFFGg, x*(1+y)^6
aaBBccDDEeFFgg, x*(1+y)^7
aaBBccDDEeFfGG, x*(1+y)^6
aaBBccDDEeFfGg, x*(1+y)^7
aaBBccDDEeFfgg, x*(1+y)^8
aaBBccDDEeffGG, x*(1+y)^7
aaBBccDDEeffGg, x*(1+y)^8
aaBBccDDEeffgg, x*(1+y)^9
aaBBccDDeeFFGG, x*(1+y)^6
aaBBccDDeeFFGg, x*(1+y)^7
aaBBccDDeeFFgg, x*(1+y)^8
aaBBccDDeeFfGG, x*(1+y)^7
aaBBccDDeeFfGg, x*(1+y)^8
aaBBccDDeeFfgg, x*(1+y)^9
aaBBccDDeeffGG, x*(1+y)^8
aaBBccDDeeffGg, x*(1+y)^9
aaBBccDDeeffgg, x*(1+y)^10
aaBBccDdEEFFGG, x*(1+y)^5
aaBBccDdEEFFGg, x*(1+y)^6
aaBBccDdEEFFgg, x*(1+y)^7
aaBBccDdEEFfGG, x*(1+y)^6
aaBBccDdEEFfGg, x*(1+y)^7
aaBBccDdEEFfgg, x*(1+y)^8
aaBBccDdEEffGG, x*(1+y)^7
aaBBccDdEEffGg, x*(1+y)^8
aaBBccDdEEffgg, x*(1+y)^9
aaBBccDdEeFFGG, x*(1+y)^6
aaBBccDdEeFFGg, x*(1+y)^7
aaBBccDdEeFFgg, x*(1+y)^8
aaBBccDdEeFfGG, x*(1+y)^7
aaBBccDdEeFfGg, x*(1+y)^8
aaBBccDdEeFfgg, x*(1+y)^9
aaBBccDdEeffGG, x*(1+y)^8
aaBBccDdEeffGg, x*(1+y)^9
aaBBccDdEeffgg, x*(1+y)^10
aaBBccDdeeFFGG, x*(1+y)^7
aaBBccDdeeFFGg, x*(1+y)^8
aaBBccDdeeFFgg, x*(1+y)^9
aaBBccDdeeFfGG, x*(1+y)^8
aaBBccDdeeFfGg, x*(1+y)^9
aaBBccDdeeFfgg, x*(1+y)^10
aaBBccDdeeffGG, x*(1+y)^9
aaBBccDdeeffGg, x*(1+y)^10
aaBBccDdeeffgg, x*(1+y)^11
aaBBccddEEFFGG, x*(1+y)^6
aaBBccddEEFFGg, x*(1+y)^7
aaBBccddEEFFgg, x*(1+y)^8
aaBBccddEEFfGG, x*(1+y)^7
aaBBccddEEFfGg, x*(1+y)^8
aaBBccddEEFfgg, x*(1+y)^9
aaBBccddEEffGG, x*(1+y)^8
aaBBccddEEffGg, x*(1+y)^9
aaBBccddEEffgg, x*(1+y)^10
aaBBccddEeFFGG, x*(1+y)^7
aaBBccddEeFFGg, x*(1+y)^8
aaBBccddEeFFgg, x*(1+y)^9
aaBBccddEeFfGG, x*(1+y)^8
aaBBccddEeFfGg, x*(1+y)^9
aaBBccddEeFfgg, x*(1+y)^10
aaBBccddEeffGG, x*(1+y)^9
aaBBccddEeffGg, x*(1+y)^10
aaBBccddEeffgg, x*(1+y)^11
aaBBccddeeFFGG, x*(1+y)^8
aaBBccddeeFFGg, x*(1+y)^9
aaBBccddeeFFgg, x*(1+y)^10
aaBBccddeeFfGG, x*(1+y)^9
aaBBccddeeFfGg, x*(1+y)^10
aaBBccddeeFfgg, x*(1+y)^11
aaBBccddeeffGG, x*(1+y)^10
aaBBccddeeffGg, x*(1+y)^11
aaBBccddeeffgg, x*(1+y)^12
aaBbCCDDEEFFGG, x*(1+y)^3
aaBbCCDDEEFFGg, x*(1+y)^4
aaBbCCDDEEFFgg, x*(1+y)^5
aaBbCCDDEEFfGG, x*(1+y)^4
aaBbCCDDEEFfGg, x*(1+y)^5
aaBbCCDDEEFfgg, x*(1+y)^6
aaBbCCDDEEffGG, x*(1+y)^5
aaBbCCDDEEffGg, x*(1+y)^6
aaBbCCDDEEffgg, x*(1+y)^7
aaBbCCDDEeFFGG, x*(1+y)^4
aaBbCCDDEeFFGg, x*(1+y)^5
aaBbCCDDEeFFgg, x*(1+y)^6
aaBbCCDDEeFfGG, x*(1+y)^5
aaBbCCDDEeFfGg, x*(1+y)^6
aaBbCCDDEeFfgg, x*(1+y)^7
aaBbCCDDEeffGG, x*(1+y)^6
aaBbCCDDEeffGg, x*(1+y)^7
aaBbCCDDEeffgg, x*(1+y)^8
aaBbCCDDeeFFGG, x*(1+y)^5
aaBbCCDDeeFFGg, x*(1+y)^6
aaBbCCDDeeFFgg, x*(1+y)^7
aaBbCCDDeeFfGG, x*(1+y)^6
aaBbCCDDeeFfGg, x*(1+y)^7
aaBbCCDDeeFfgg, x*(1+y)^8
aaBbCCDDeeffGG, x*(1+y)^7
aaBbCCDDeeffGg, x*(1+y)^8
aaBbCCDDeeffgg, x*(1+y)^9
aaBbCCDdEEFFGG, x*(1+y)^4
aaBbCCDdEEFFGg, x*(1+y)^5
aaBbCCDdEEFFgg, x*(1+y)^6
aaBbCCDdEEFfGG, x*(1+y)^5
aaBbCCDdEEFfGg, x*(1+y)^6
aaBbCCDdEEFfgg, x*(1+y)^7
aaBbCCDdEEffGG, x*(1+y)^6
aaBbCCDdEEffGg, x*(1+y)^7
aaBbCCDdEEffgg, x*(1+y)^8
aaBbCCDdEeFFGG, x*(1+y)^5
aaBbCCDdEeFFGg, x*(1+y)^6
aaBbCCDdEeFFgg, x*(1+y)^7
aaBbCCDdEeFfGG, x*(1+y)^6
aaBbCCDdEeFfGg, x*(1+y)^7
aaBbCCDdEeFfgg, x*(1+y)^8
aaBbCCDdEeffGG, x*(1+y)^7
aaBbCCDdEeffGg, x*(1+y)^8
aaBbCCDdEeffgg, x*(1+y)^9
aaBbCCDdeeFFGG, x*(1+y)^6
aaBbCCDdeeFFGg, x*(1+y)^7
aaBbCCDdeeFFgg, x*(1+y)^8
aaBbCCDdeeFfGG, x*(1+y)^7
aaBbCCDdeeFfGg, x*(1+y)^8
aaBbCCDdeeFfgg, x*(1+y)^9
aaBbCCDdeeffGG, x*(1+y)^8
aaBbCCDdeeffGg, x*(1+y)^9
aaBbCCDdeeffgg, x*(1+y)^10
aaBbCCddEEFFGG, x*(1+y)^5
aaBbCCddEEFFGg, x*(1+y)^6
aaBbCCddEEFFgg, x*(1+y)^7
aaBbCCddEEFfGG, x*(1+y)^6
aaBbCCddEEFfGg, x*(1+y)^7
aaBbCCddEEFfgg, x*(1+y)^8
aaBbCCddEEffGG, x*(1+y)^7
aaBbCCddEEffGg, x*(1+y)^8
aaBbCCddEEffgg, x*(1+y)^9
aaBbCCddEeFFGG, x*(1+y)^6
aaBbCCddEeFFGg, x*(1+y)^7
aaBbCCddEeFFgg, x*(1+y)^8
aaBbCCddEeFfGG, x*(1+y)^7
aaBbCCddEeFfGg, x*(1+y)^8
aaBbCCddEeFfgg, x*(1+y)^9
aaBbCCddEeffGG, x*(1+y)^8
aaBbCCddEeffGg, x*(1+y)^9
aaBbCCddEeffgg, x*(1+y)^10
aaBbCCddeeFFGG, x*(1+y)^7
aaBbCCddeeFFGg, x*(1+y)^8
aaBbCCddeeFFgg, x*(1+y)^9
aaBbCCddeeFfGG, x*(1+y)^8
aaBbCCddeeFfGg, x*(1+y)^9
aaBbCCddeeFfgg, x*(1+y)^10
aaBbCCddeeffGG, x*(1+y)^9
aaBbCCddeeffGg, x*(1+y)^10
aaBbCCddeeffgg, x*(1+y)^11
aaBbCcDDEEFFGG, x*(1+y)^4
aaBbCcDDEEFFGg, x*(1+y)^5
aaBbCcDDEEFFgg, x*(1+y)^6
aaBbCcDDEEFfGG, x*(1+y)^5
aaBbCcDDEEFfGg, x*(1+y)^6
aaBbCcDDEEFfgg, x*(1+y)^7
aaBbCcDDEEffGG, x*(1+y)^6
aaBbCcDDEEffGg, x*(1+y)^7
aaBbCcDDEEffgg, x*(1+y)^8
aaBbCcDDEeFFGG, x*(1+y)^5
aaBbCcDDEeFFGg, x*(1+y)^6
aaBbCcDDEeFFgg, x*(1+y)^7
aaBbCcDDEeFfGG, x*(1+y)^6
aaBbCcDDEeFfGg, x*(1+y)^7
aaBbCcDDEeFfgg, x*(1+y)^8
aaBbCcDDEeffGG, x*(1+y)^7
aaBbCcDDEeffGg, x*(1+y)^8
aaBbCcDDEeffgg, x*(1+y)^9
aaBbCcDDeeFFGG, x*(1+y)^6
aaBbCcDDeeFFGg, x*(1+y)^7
aaBbCcDDeeFFgg, x*(1+y)^8
aaBbCcDDeeFfGG, x*(1+y)^7
aaBbCcDDeeFfGg, x*(1+y)^8
aaBbCcDDeeFfgg, x*(1+y)^9
aaBbCcDDeeffGG, x*(1+y)^8
aaBbCcDDeeffGg, x*(1+y)^9
aaBbCcDDeeffgg, x*(1+y)^10
aaBbCcDdEEFFGG, x*(1+y)^5
aaBbCcDdEEFFGg, x*(1+y)^6
aaBbCcDdEEFFgg, x*(1+y)^7
aaBbCcDdEEFfGG, x*(1+y)^6
aaBbCcDdEEFfGg, x*(1+y)^7
aaBbCcDdEEFfgg, x*(1+y)^8
aaBbCcDdEEffGG, x*(1+y)^7
aaBbCcDdEEffGg, x*(1+y)^8
aaBbCcDdEEffgg, x*(1+y)^9
aaBbCcDdEeFFGG, x*(1+y)^6
aaBbCcDdEeFFGg, x*(1+y)^7
aaBbCcDdEeFFgg, x*(1+y)^8
aaBbCcDdEeFfGG, x*(1+y)^7
aaBbCcDdEeFfGg, x*(1+y)^8
aaBbCcDdEeFfgg, x*(1+y)^9
aaBbCcDdEeffGG, x*(1+y)^8
aaBbCcDdEeffGg, x*(1+y)^9
aaBbCcDdEeffgg, x*(1+y)^10
aaBbCcDdeeFFGG, x*(1+y)^7
aaBbCcDdeeFFGg, x*(1+y)^8
aaBbCcDdeeFFgg, x*(1+y)^9
aaBbCcDdeeFfGG, x*(1+y)^8
aaBbCcDdeeFfGg, x*(1+y)^9
aaBbCcDdeeFfgg, x*(1+y)^10
aaBbCcDdeeffGG, x*(1+y)^9
aaBbCcDdeeffGg, x*(1+y)^10
aaBbCcDdeeffgg, x*(1+y)^11
aaBbCcddEEFFGG, x*(1+y)^6
aaBbCcddEEFFGg, x*(1+y)^7
aaBbCcddEEFFgg, x*(1+y)^8
aaBbCcddEEFfGG, x*(1+y)^7
aaBbCcddEEFfGg, x*(1+y)^8
aaBbCcddEEFfgg, x*(1+y)^9
aaBbCcddEEffGG, x*(1+y)^8
aaBbCcddEEffGg, x*(1+y)^9
aaBbCcddEEffgg, x*(1+y)^10
aaBbCcddEeFFGG, x*(1+y)^7
aaBbCcddEeFFGg, x*(1+y)^8
aaBbCcddEeFFgg, x*(1+y)^9
aaBbCcddEeFfGG, x*(1+y)^8
aaBbCcddEeFfGg, x*(1+y)^9
aaBbCcddEeFfgg, x*(1+y)^10
aaBbCcddEeffGG, x*(1+y)^9
aaBbCcddEeffGg, x*(1+y)^10
aaBbCcddEeffgg, x*(1+y)^11
aaBbCcddeeFFGG, x*(1+y)^8
aaBbCcddeeFFGg, x*(1+y)^9
aaBbCcddeeFFgg, x*(1+y)^10
aaBbCcddeeFfGG, x*(1+y)^9
aaBbCcddeeFfGg, x*(1+y)^10
aaBbCcddeeFfgg, x*(1+y)^11
aaBbCcddeeffGG, x*(1+y)^10
aaBbCcddeeffGg, x*(1+y)^11
aaBbCcddeeffgg, x*(1+y)^12
aaBbccDDEEFFGG, x*(1+y)^5
aaBbccDDEEFFGg, x*(1+y)^6
aaBbccDDEEFFgg, x*(1+y)^7
aaBbccDDEEFfGG, x*(1+y)^6
aaBbccDDEEFfGg, x*(1+y)^7
aaBbccDDEEFfgg, x*(1+y)^8
aaBbccDDEEffGG, x*(1+y)^7
aaBbccDDEEffGg, x*(1+y)^8
aaBbccDDEEffgg, x*(1+y)^9
aaBbccDDEeFFGG, x*(1+y)^6
aaBbccDDEeFFGg, x*(1+y)^7
aaBbccDDEeFFgg, x*(1+y)^8
aaBbccDDEeFfGG, x*(1+y)^7
aaBbccDDEeFfGg, x*(1+y)^8
aaBbccDDEeFfgg, x*(1+y)^9
aaBbccDDEeffGG, x*(1+y)^8
aaBbccDDEeffGg, x*(1+y)^9
aaBbccDDEeffgg, x*(1+y)^10
aaBbccDDeeFFGG, x*(1+y)^7
aaBbccDDeeFFGg, x*(1+y)^8
aaBbccDDeeFFgg, x*(1+y)^9
aaBbccDDeeFfGG, x*(1+y)^8
aaBbccDDeeFfGg, x*(1+y)^9
aaBbccDDeeFfgg, x*(1+y)^10
aaBbccDDeeffGG, x*(1+y)^9
aaBbccDDeeffGg, x*(1+y)^10
aaBbccDDeeffgg, x*(1+y)^11
aaBbccDdEEFFGG, x*(1+y)^6
aaBbccDdEEFFGg, x*(1+y)^7
aaBbccDdEEFFgg, x*(1+y)^8
aaBbccDdEEFfGG, x*(1+y)^7
aaBbccDdEEFfGg, x*(1+y)^8
aaBbccDdEEFfgg, x*(1+y)^9
aaBbccDdEEffGG, x*(1+y)^8
aaBbccDdEEffGg, x*(1+y)^9
aaBbccDdEEffgg, x*(1+y)^10
aaBbccDdEeFFGG, x*(1+y)^7
aaBbccDdEeFFGg, x*(1+y)^8
aaBbccDdEeFFgg, x*(1+y)^9
aaBbccDdEeFfGG, x*(1+y)^8
aaBbccDdEeFfGg, x*(1+y)^9
aaBbccDdEeFfgg, x*(1+y)^10
aaBbccDdEeffGG, x*(1+y)^9
aaBbccDdEeffGg, x*(1+y)^10
aaBbccDdEeffgg, x*(1+y)^11
aaBbccDdeeFFGG, x*(1+y)^8
aaBbccDdeeFFGg, x*(1+y)^9
aaBbccDdeeFFgg, x*(1+y)^10
aaBbccDdeeFfGG, x*(1+y)^9
aaBbccDdeeFfGg, x*(1+y)^10
aaBbccDdeeFfgg, x*(1+y)^11
aaBbccDdeeffGG, x*(1+y)^10
aaBbccDdeeffGg, x*(1+y)^11
aaBbccDdeeffgg, x*(1+y)^12
aaBbccddEEFFGG, x*(1+y)^7
aaBbccddEEFFGg, x*(1+y)^8
aaBbccddEEFFgg, x*(1+y)^9
aaBbccddEEFfGG, x*(1+y)^8
aaBbccddEEFfGg, x*(1+y)^9
aaBbccddEEFfgg, x*(1+y)^10
aaBbccddEEffGG, x*(1+y)^9
aaBbccddEEffGg, x*(1+y)^10
aaBbccddEEffgg, x*(1+y)^11
aaBbccddEeFFGG, x*(1+y)^8
aaBbccddEeFFGg, x*(1+y)^9
aaBbccddEeFFgg, x*(1+y)^10
aaBbccddEeFfGG, x*(1+y)^9
aaBbccddEeFfGg, x*(1+y)^10
aaBbccddEeFfgg, x*(1+y)^11
aaBbccddEeffGG, x*(1+y)^10
aaBbccddEeffGg, x*(1+y)^11
aaBbccddEeffgg, x*(1+y)^12
aaBbccddeeFFGG, x*(1+y)^9
aaBbccddeeFFGg, x*(1+y)^10
aaBbccddeeFFgg, x*(1+y)^11
aaBbccddeeFfGG, x*(1+y)^10
aaBbccddeeFfGg, x*(1+y)^11
aaBbccddeeFfgg, x*(1+y)^12
aaBbccddeeffGG, x*(1+y)^11
aaBbccddeeffGg, x*(1+y)^12
aaBbccddeeffgg, x*(1+y)^13
aabbCCDDEEFFGG, x*(1+y)^4
aabbCCDDEEFFGg, x*(1+y)^5
aabbCCDDEEFFgg, x*(1+y)^6
aabbCCDDEEFfGG, x*(1+y)^5
aabbCCDDEEFfGg, x*(1+y)^6
aabbCCDDEEFfgg, x*(1+y)^7
aabbCCDDEEffGG, x*(1+y)^6
aabbCCDDEEffGg, x*(1+y)^7
aabbCCDDEEffgg, x*(1+y)^8
aabbCCDDEeFFGG, x*(1+y)^5
aabbCCDDEeFFGg, x*(1+y)^6
aabbCCDDEeFFgg, x*(1+y)^7
aabbCCDDEeFfGG, x*(1+y)^6
aabbCCDDEeFfGg, x*(1+y)^7
aabbCCDDEeFfgg, x*(1+y)^8
aabbCCDDEeffGG, x*(1+y)^7
aabbCCDDEeffGg, x*(1+y)^8
aabbCCDDEeffgg, x*(1+y)^9
aabbCCDDeeFFGG, x*(1+y)^6
aabbCCDDeeFFGg, x*(1+y)^7
aabbCCDDeeFFgg, x*(1+y)^8
aabbCCDDeeFfGG, x*(1+y)^7
aabbCCDDeeFfGg, x*(1+y)^8
aabbCCDDeeFfgg, x*(1+y)^9
aabbCCDDeeffGG, x*(1+y)^8
aabbCCDDeeffGg, x*(1+y)^9
aabbCCDDeeffgg, x*(1+y)^10
aabbCCDdEEFFGG, x*(1+y)^5
aabbCCDdEEFFGg, x*(1+y)^6
aabbCCDdEEFFgg, x*(1+y)^7
aabbCCDdEEFfGG, x*(1+y)^6
aabbCCDdEEFfGg, x*(1+y)^7
aabbCCDdEEFfgg, x*(1+y)^8
aabbCCDdEEffGG, x*(1+y)^7
aabbCCDdEEffGg, x*(1+y)^8
aabbCCDdEEffgg, x*(1+y)^9
aabbCCDdEeFFGG, x*(1+y)^6
aabbCCDdEeFFGg, x*(1+y)^7
aabbCCDdEeFFgg, x*(1+y)^8
aabbCCDdEeFfGG, x*(1+y)^7
aabbCCDdEeFfGg, x*(1+y)^8
aabbCCDdEeFfgg, x*(1+y)^9
aabbCCDdEeffGG, x*(1+y)^8
aabbCCDdEeffGg, x*(1+y)^9
aabbCCDdEeffgg, x*(1+y)^10
aabbCCDdeeFFGG, x*(1+y)^7
aabbCCDdeeFFGg, x*(1+y)^8
aabbCCDdeeFFgg, x*(1+y)^9
aabbCCDdeeFfGG, x*(1+y)^8
aabbCCDdeeFfGg, x*(1+y)^9
aabbCCDdeeFfgg, x*(1+y)^10
aabbCCDdeeffGG, x*(1+y)^9
aabbCCDdeeffGg, x*(1+y)^10
aabbCCDdeeffgg, x*(1+y)^11
aabbCCddEEFFGG, x*(1+y)^6
aabbCCddEEFFGg, x*(1+y)^7
aabbCCddEEFFgg, x*(1+y)^8
aabbCCddEEFfGG, x*(1+y)^7
aabbCCddEEFfGg, x*(1+y)^8
aabbCCddEEFfgg, x*(1+y)^9
aabbCCddEEffGG, x*(1+y)^8
aabbCCddEEffGg, x*(1+y)^9
aabbCCddEEffgg, x*(1+y)^10
aabbCCddEeFFGG, x*(1+y)^7
aabbCCddEeFFGg, x*(1+y)^8
aabbCCddEeFFgg, x*(1+y)^9
aabbCCddEeFfGG, x*(1+y)^8
aabbCCddEeFfGg, x*(1+y)^9
aabbCCddEeFfgg, x*(1+y)^10
aabbCCddEeffGG, x*(1+y)^9
aabbCCddEeffGg, x*(1+y)^10
aabbCCddEeffgg, x*(1+y)^11
aabbCCddeeFFGG, x*(1+y)^8
aabbCCddeeFFGg, x*(1+y)^9
aabbCCddeeFFgg, x*(1+y)^10
aabbCCddeeFfGG, x*(1+y)^9
aabbCCddeeFfGg, x*(1+y)^10
aabbCCddeeFfgg, x*(1+y)^11
aabbCCddeeffGG, x*(1+y)^10
aabbCCddeeffGg, x*(1+y)^11
aabbCCddeeffgg, x*(1+y)^12
aabbCcDDEEFFGG, x*(1+y)^5
aabbCcDDEEFFGg, x*(1+y)^6
aabbCcDDEEFFgg, x*(1+y)^7
aabbCcDDEEFfGG, x*(1+y)^6
aabbCcDDEEFfGg, x*(1+y)^7
aabbCcDDEEFfgg, x*(1+y)^8
aabbCcDDEEffGG, x*(1+y)^7
aabbCcDDEEffGg, x*(1+y)^8
aabbCcDDEEffgg, x*(1+y)^9
aabbCcDDEeFFGG, x*(1+y)^6
aabbCcDDEeFFGg, x*(1+y)^7
aabbCcDDEeFFgg, x*(1+y)^8
aabbCcDDEeFfGG, x*(1+y)^7
aabbCcDDEeFfGg, x*(1+y)^8
aabbCcDDEeFfgg, x*(1+y)^9
aabbCcDDEeffGG, x*(1+y)^8
aabbCcDDEeffGg, x*(1+y)^9
aabbCcDDEeffgg, x*(1+y)^10
aabbCcDDeeFFGG, x*(1+y)^7
aabbCcDDeeFFGg, x*(1+y)^8
aabbCcDDeeFFgg, x*(1+y)^9
aabbCcDDeeFfGG, x*(1+y)^8
aabbCcDDeeFfGg, x*(1+y)^9
aabbCcDDeeFfgg, x*(1+y)^10
aabbCcDDeeffGG, x*(1+y)^9
aabbCcDDeeffGg, x*(1+y)^10
aabbCcDDeeffgg, x*(1+y)^11
aabbCcDdEEFFGG, x*(1+y)^6
aabbCcDdEEFFGg, x*(1+y)^7
aabbCcDdEEFFgg, x*(1+y)^8
aabbCcDdEEFfGG, x*(1+y)^7
aabbCcDdEEFfGg, x*(1+y)^8
aabbCcDdEEFfgg, x*(1+y)^9
aabbCcDdEEffGG, x*(1+y)^8
aabbCcDdEEffGg, x*(1+y)^9
aabbCcDdEEffgg, x*(1+y)^10
aabbCcDdEeFFGG, x*(1+y)^7
aabbCcDdEeFFGg, x*(1+y)^8
aabbCcDdEeFFgg, x*(1+y)^9
aabbCcDdEeFfGG, x*(1+y)^8
aabbCcDdEeFfGg, x*(1+y)^9
aabbCcDdEeFfgg, x*(1+y)^10
aabbCcDdEeffGG, x*(1+y)^9
aabbCcDdEeffGg, x*(1+y)^10
aabbCcDdEeffgg, x*(1+y)^11
aabbCcDdeeFFGG, x*(1+y)^8
aabbCcDdeeFFGg, x*(1+y)^9
aabbCcDdeeFFgg, x*(1+y)^10
aabbCcDdeeFfGG, x*(1+y)^9
aabbCcDdeeFfGg, x*(1+y)^10
aabbCcDdeeFfgg, x*(1+y)^11
aabbCcDdeeffGG, x*(1+y)^10
aabbCcDdeeffGg, x*(1+y)^11
aabbCcDdeeffgg, x*(1+y)^12
aabbCcddEEFFGG, x*(1+y)^7
aabbCcddEEFFGg, x*(1+y)^8
aabbCcddEEFFgg, x*(1+y)^9
aabbCcddEEFfGG, x*(1+y)^8
aabbCcddEEFfGg, x*(1+y)^9
aabbCcddEEFfgg, x*(1+y)^10
aabbCcddEEffGG, x*(1+y)^9
aabbCcddEEffGg, x*(1+y)^10
aabbCcddEEffgg, x*(1+y)^11
aabbCcddEeFFGG, x*(1+y)^8
aabbCcddEeFFGg, x*(1+y)^9
aabbCcddEeFFgg, x*(1+y)^10
aabbCcddEeFfGG, x*(1+y)^9
aabbCcddEeFfGg, x*(1+y)^10
aabbCcddEeFfgg, x*(1+y)^11
aabbCcddEeffGG, x*(1+y)^10
aabbCcddEeffGg, x*(1+y)^11
aabbCcddEeffgg, x*(1+y)^12
aabbCcddeeFFGG, x*(1+y)^9
aabbCcddeeFFGg, x*(1+y)^10
aabbCcddeeFFgg, x*(1+y)^11
aabbCcddeeFfGG, x*(1+y)^10
aabbCcddeeFfGg, x*(1+y)^11
aabbCcddeeFfgg, x*(1+y)^12
aabbCcddeeffGG, x*(1+y)^11
aabbCcddeeffGg, x*(1+y)^12
aabbCcddeeffgg, x*(1+y)^13
aabbccDDEEFFGG, x*(1+y)^6
aabbccDDEEFFGg, x*(1+y)^7
aabbccDDEEFFgg, x*(1+y)^8
aabbccDDEEFfGG, x*(1+y)^7
aabbccDDEEFfGg, x*(1+y)^8
aabbccDDEEFfgg, x*(1+y)^9
aabbccDDEEffGG, x*(1+y)^8
aabbccDDEEffGg, x*(1+y)^9
aabbccDDEEffgg, x*(1+y)^10
aabbccDDEeFFGG, x*(1+y)^7
aabbccDDEeFFGg, x*(1+y)^8
aabbccDDEeFFgg, x*(1+y)^9
aabbccDDEeFfGG, x*(1+y)^8
aabbccDDEeFfGg, x*(1+y)^9
aabbccDDEeFfgg, x*(1+y)^10
aabbccDDEeffGG, x*(1+y)^9
aabbccDDEeffGg, x*(1+y)^10
aabbccDDEeffgg, x*(1+y)^11
aabbccDDeeFFGG, x*(1+y)^8
aabbccDDeeFFGg, x*(1+y)^9
aabbccDDeeFFgg, x*(1+y)^10
aabbccDDeeFfGG, x*(1+y)^9
aabbccDDeeFfGg, x*(1+y)^10
aabbccDDeeFfgg, x*(1+y)^11
aabbccDDeeffGG, x*(1+y)^10
aabbccDDeeffGg, x*(1+y)^11
aabbccDDeeffgg, x*(1+y)^12
aabbccDdEEFFGG, x*(1+y)^7
aabbccDdEEFFGg, x*(1+y)^8
aabbccDdEEFFgg, x*(1+y)^9
aabbccDdEEFfGG, x*(1+y)^8
aabbccDdEEFfGg, x*(1+y)^9
aabbccDdEEFfgg, x*(1+y)^10
aabbccDdEEffGG, x*(1+y)^9
aabbccDdEEffGg, x*(1+y)^10
aabbccDdEEffgg, x*(1+y)^11
aabbccDdEeFFGG, x*(1+y)^8
aabbccDdEeFFGg, x*(1+y)^9
aabbccDdEeFFgg, x*(1+y)^10
aabbccDdEeFfGG, x*(1+y)^9
aabbccDdEeFfGg, x*(1+y)^10
aabbccDdEeFfgg, x*(1+y)^11
aabbccDdEeffGG, x*(1+y)^10
aabbccDdEeffGg, x*(1+y)^11
aabbccDdEeffgg, x*(1+y)^12
aabbccDdeeFFGG, x*(1+y)^9
aabbccDdeeFFGg, x*(1+y)^10
aabbccDdeeFFgg, x*(1+y)^11
aabbccDdeeFfGG, x*(1+y)^10
aabbccDdeeFfGg, x*(1+y)^11
aabbccDdeeFfgg, x*(1+y)^12
aabbccDdeeffGG, x*(1+y)^11
aabbccDdeeffGg, x*(1+y)^12
aabbccDdeeffgg, x*(1+y)^13
aabbccddEEFFGG, x*(1+y)^8
aabbccddEEFFGg, x*(1+y)^9
aabbccddEEFFgg, x*(1+y)^10
aabbccddEEFfGG, x*(1+y)^9
aabbccddEEFfGg, x*(1+y)^10
aabbccddEEFfgg, x*(1+y)^11
aabbccddEEffGG, x*(1+y)^10
aabbccddEEffGg, x*(1+y)^11
aabbccddEEffgg, x*(1+y)^12
aabbccddEeFFGG, x*(1+y)^9
aabbccddEeFFGg, x*(1+y)^10
aabbccddEeFFgg, x*(1+y)^11
aabbccddEeFfGG, x*(1+y)^10
aabbccddEeFfGg, x*(1+y)^11
aabbccddEeFfgg, x*(1+y)^12
aabbccddEeffGG, x*(1+y)^11
aabbccddEeffGg, x*(1+y)^12
aabbccddEeffgg, x*(1+y)^13
aabbccddeeFFGG, x*(1+y)^10
aabbccddeeFFGg, x*(1+y)^11
aabbccddeeFFgg, x*(1+y)^12
aabbccddeeFfGG, x*(1+y)^11
aabbccddeeFfGg, x*(1+y)^12
aabbccddeeFfgg, x*(1+y)^13
aabbccddeeffGG, x*(1+y)^12
aabbccddeeffGg, x*(1+y)^13
aabbccddeeffgg, x*(1+y)^14